AACG,Consumer Discretionary
AACI,Finance
AACIU,Finance
AACIW,Finance
AADI,Health Care
AAL,Consumer Discretionary
AAME,Finance
AAOI,Technology
AAON,Industrials
AAPL,Technology
ABAT,Basic Materials
ABCB,Finance
ABCL,Health Care
ABCM,Health Care
ABEO,Health Care
ABIO,Health Care
ABL,Finance
ABLLW,Finance
ABLV,
ABLVW,
ABNB,Consumer Discretionary
ABOS,Health Care
ABSI,Health Care
ABUS,Health Care
ABVC,Health Care
ACAB,Finance
ACABW,Finance
ACAC,Finance
ACACU,Finance
ACACW,Finance
ACAD,Health Care
ACAH,Finance
ACAHW,Finance
ACAX,Health Care
ACAXW,Health Care
ACB,Health Care
ACBA,Consumer Discretionary
ACBAU,Consumer Discretionary
ACBAW,Consumer Discretionary
ACCD,Consumer Discretionary
ACDC,Energy
ACDCW,Energy
ACER,Health Care
ACET,Health Care
ACGL,Finance
ACGLN,Finance
ACGLO,Finance
ACHC,Health Care
ACHL,Health Care
ACHV,Health Care
ACIC,Finance
ACIU,Health Care
ACIW,Technology
ACLS,Technology
ACLX,Health Care
ACMR,Technology
ACNB,Finance
ACNT,Industrials
ACON,Technology
ACONW,Technology
ACOR,Health Care
ACRS,Health Care
ACRV,Health Care
ACRX,Health Care
ACST,Health Care
ACT,Finance
ACTG,Miscellaneous
ACVA,Consumer Discretionary
ACXP,Health Care
ADAG,Health Care
ADAP,Health Care
ADBE,Technology
ADD,Consumer Discretionary
ADEA,Technology
ADER,Finance
ADERU,Finance
ADERW,Finance
ADES,Industrials
ADI,Technology
ADIL,Health Care
ADMA,Health Care
ADN,Utilities
ADNWW,Miscellaneous
ADOC,Health Care
ADOCR,Health Care
ADOCW,Health Care
ADP,Technology
ADPT,Health Care
ADSE,Consumer Discretionary
ADSK,Technology
ADTH,Consumer Discretionary
ADTHW,Consumer Discretionary
ADTN,Utilities
ADTX,Health Care
ADUS,Health Care
ADV,Consumer Discretionary
ADVM,Health Care
ADVWW,Consumer Discretionary
ADXN,Health Care
AEAE,Finance
AEAEU,Finance
AEAEW,Finance
AEHL,Consumer Discretionary
AEHR,Industrials
AEI,Real Estate
AEIS,Technology
AEMD,Health Care
AENT,Consumer Discretionary
AENTW,Consumer Discretionary
AEP,Utilities
AEY,Industrials
AEYE,Technology
AEZS,Health Care
AFAR,Finance
AFARW,Finance
AFBI,Finance
AFCG,Real Estate
AFIB,Health Care
AFMD,Health Care
AFRI,Consumer Staples
AFRIW,Consumer Staples
AFRM,Consumer Discretionary
AFYA,Consumer Discretionary
AGAE,Consumer Discretionary
AGBA,Finance
AGBAW,Finance
AGEN,Health Care
AGFY,Consumer Discretionary
AGIL,Consumer Discretionary
AGILW,Consumer Discretionary
AGIO,Health Care
AGLE,Health Care
AGMH,Technology
AGNC,Real Estate
AGNCL,Real Estate
AGNCM,Real Estate
AGNCN,Real Estate
AGNCO,Real Estate
AGNCP,Real Estate
AGRI,
AGRIW,
AGRX,Health Care
AGYS,Technology
AHCO,Health Care
AHG,Consumer Discretionary
AHI,Consumer Discretionary
AIB,Finance
AIH,Health Care
AIHS,Finance
AIMBU,Finance
AIMD,Health Care
AIMDW,Health Care
AIP,Technology
AIRG,Technology
AIRS,Health Care
AIRT,Consumer Discretionary
AIRTP,Consumer Discretionary
AIXI,Technology
AKAM,Consumer Discretionary
AKAN,Health Care
AKBA,Health Care
AKLI,Technology
AKRO,Health Care
AKTS,Utilities
AKTX,Health Care
AKU,
AKYA,Industrials
ALAR,Technology
ALBT,Health Care
ALCO,
ALCY,Finance
ALCYU,Finance
ALCYW,Finance
ALDX,Health Care
ALEC,Health Care
ALGM,Technology
ALGN,Health Care
ALGS,Health Care
ALGT,Consumer Discretionary
ALHC,Health Care
ALIM,Health Care
ALKS,Health Care
ALKT,Technology
ALLK,Health Care
ALLO,Health Care
ALLR,Health Care
ALLT,Telecommunications
ALNT,Industrials
ALNY,Health Care
ALORW,Finance
ALOT,Technology
ALPN,Health Care
ALPP,Telecommunications
ALRM,Technology
ALRN,Health Care
ALRS,Finance
ALSA,Finance
ALSAW,Finance
ALT,Health Care
ALTI,Finance
ALTO,Industrials
ALTR,Technology
ALTU,Finance
ALTUW,Finance
ALVO,Health Care
ALVOW,Health Care
ALVR,Health Care
ALXO,Health Care
ALYA,Technology
ALZN,Health Care
AMAL,Finance
AMAM,Health Care
AMAO,Miscellaneous
AMAOW,Miscellaneous
AMAT,Technology
AMBA,Technology
AMCX,Telecommunications
AMD,Technology
AMED,Health Care
AMEH,Consumer Discretionary
AMGN,Health Care
AMKR,Technology
AMLI,Basic Materials
AMLX,Health Care
AMNB,Finance
AMPG,Technology
AMPGW,Telecommunications
AMPH,Health Care
AMPL,Technology
AMRK,Finance
AMRN,Health Care
AMSC,Consumer Discretionary
AMSF,Finance
AMST,Technology
AMSWA,Technology
AMTI,Health Care
AMTX,Industrials
AMWD,Consumer Discretionary
AMZN,Consumer Discretionary
ANAB,Health Care
ANDE,Industrials
ANEB,Health Care
ANGH,Consumer Discretionary
ANGHW,Consumer Discretionary
ANGI,Consumer Discretionary
ANGO,Health Care
ANIK,Health Care
ANIP,Health Care
ANIX,Health Care
ANNX,Health Care
ANSS,Technology
ANTE,Consumer Discretionary
ANTX,Health Care
ANY,Finance
ANZU,Finance
ANZUU,Finance
ANZUW,Finance
AOGO,Technology
AOGOW,Technology
AONC,
AONCW,Health Care
AOSL,Technology
AOUT,Industrials
APA,Energy
APAC,Finance
APACW,Finance
APCX,Finance
APCXW,Finance
APDN,Health Care
APEI,Consumer Discretionary
APGE,Health Care
API,Technology
APLD,Finance
APLM,Finance
APLMW,Finance
APLS,Health Care
APLT,Health Care
APM,Health Care
APOG,Consumer Discretionary
APP,Technology
APPF,Technology
APPN,Technology
APPS,Miscellaneous
APRE,Health Care
APTM,
APTMU,
APTMW,
APTO,Health Care
APVO,Health Care
APWC,Industrials
APXI,Finance
APXIW,Finance
APYX,Health Care
AQB,
AQMS,Industrials
AQST,Health Care
AQU,Finance
AQUNR,Finance
ARAV,Health Care
ARAY,Health Care
ARBB,Technology
ARBE,Technology
ARBEW,Technology
ARBK,Finance
ARBKL,Technology
ARCB,Industrials
ARCC,Finance
ARCE,Consumer Discretionary
ARCT,Health Care
ARDX,Health Care
AREB,Industrials
AREBW,Industrials
AREC,Energy
ARGX,Health Care
ARHS,Consumer Discretionary
ARIZ,Finance
ARIZR,Finance
ARIZW,Finance
ARKO,Energy
ARKOW,Energy
ARKR,Consumer Discretionary
ARLP,Energy
ARM,
AROW,Finance
ARQQ,Technology
ARQQW,Technology
ARQT,Health Care
ARRW,Finance
ARRWU,Finance
ARRY,Technology
ARTE,Finance
ARTEW,Finance
ARTL,Health Care
ARTNA,Utilities
ARTW,Industrials
ARVL,Consumer Discretionary
ARVN,Health Care
ARWR,Health Care
ARYD,Health Care
ASCA,Finance
ASCAW,Finance
ASCB,Finance
ASLE,Consumer Discretionary
ASLN,Health Care
ASMB,Health Care
ASML,Technology
ASND,Health Care
ASNS,Telecommunications
ASO,Consumer Discretionary
ASPA,Finance
ASPAW,Finance
ASPI,Industrials
ASPS,Consumer Discretionary
ASRT,Health Care
ASRV,Finance
ASST,Technology
ASTC,Industrials
ASTE,Industrials
ASTI,Technology
ASTL,Industrials
ASTLW,Industrials
ASTR,Consumer Discretionary
ASTS,Consumer Discretionary
ASTSW,Consumer Discretionary
ASUR,Technology
ASYS,Technology
ATAI,Health Care
ATAK,Finance
ATAKR,Finance
ATAKU,Finance
ATAKW,Finance
ATAT,Consumer Discretionary
ATCOL,Basic Materials
ATEC,Health Care
ATER,
ATEX,Telecommunications
ATHA,Health Care
ATHE,Health Care
ATHX,Health Care
ATIF,Consumer Discretionary
ATLC,Finance
ATLCL,Finance
ATLCP,Finance
ATLO,Finance
ATLX,Industrials
ATMC,Finance
ATMCR,Finance
ATMCW,Finance
ATMV,Finance
ATMVR,Finance
ATMVU,Finance
ATNF,Health Care
ATNFW,Health Care
ATNI,Telecommunications
ATOM,Technology
ATOS,Health Care
ATRA,Health Care
ATRC,Health Care
ATRI,Health Care
ATRO,Industrials
ATSG,Consumer Discretionary
ATVI,Technology
ATXG,Consumer Discretionary
ATXI,Health Care
ATXS,Health Care
AUBN,Finance
AUDC,Utilities
AUGX,Technology
AUID,Technology
AUPH,Health Care
AUR,Technology
AURA,Health Care
AUROW,Technology
AUTL,Health Care
AUUD,Technology
AUUDW,Technology
AUVI,Consumer Discretionary
AUVIP,Consumer Discretionary
AVAH,Health Care
AVAV,Industrials
AVDL,Health Care
AVDX,Technology
AVGO,Technology
AVGR,Health Care
AVHI,Finance
AVID,Technology
AVIR,Health Care
AVNW,Telecommunications
AVO,Consumer Staples
AVPT,Technology
AVPTW,Technology
AVRO,Health Care
AVT,Technology
AVTA,Finance
AVTE,Health Care
AVTX,Health Care
AVXL,Health Care
AWH,Health Care
AWIN,Industrials
AWINW,Industrials
AWRE,Technology
AXDX,Industrials
AXGN,Health Care
AXLA,Health Care
AXNX,Health Care
AXON,Industrials
AXSM,Health Care
AXTI,Technology
AY,Utilities
AYRO,
AYTU,Health Care
AZ,
AZN,Health Care
AZPN,Technology
AZTA,Health Care
BACK,Health Care
BAER,Finance
BAERW,Finance
BAFN,Finance
BAND,Technology
BANF,Finance
BANFP,Finance
BANL,Energy
BANR,Finance
BANX,Finance
BAOS,Consumer Discretionary
BASE,Technology
BATRA,Consumer Discretionary
BATRK,Industrials
BBCP,Consumer Discretionary
BBGI,Consumer Discretionary
BBIO,Health Care
BBLG,Health Care
BBLGW,Health Care
BBSI,Consumer Discretionary
BCAB,Health Care
BCAL,Finance
BCAN,
BCBP,Finance
BCDA,Health Care
BCDAW,Health Care
BCEL,Health Care
BCLI,Health Care
BCML,Finance
BCOV,Technology
BCOW,Finance
BCPC,Industrials
BCRX,Health Care
BCSA,Finance
BCSAW,Finance
BCTX,Health Care
BCTXW,Health Care
BCYC,Health Care
BDRX,Health Care
BDSX,Health Care
BDTX,Health Care
BEAM,Health Care
BEAT,Technology
BEATW,Technology
BECN,Consumer Discretionary
BEEM,Technology
BEEMW,Technology
BELFA,
BELFB,
BENF,Finance
BENFW,Finance
BETR,Finance
BETRW,Finance
BETS,Consumer Discretionary
BFC,Finance
BFI,Consumer Discretionary
BFIIW,Consumer Discretionary
BFIN,Finance
BFRG,Technology
BFRGW,Technology
BFRI,Health Care
BFRIW,Health Care
BFST,Finance
BGC,Finance
BGFV,Consumer Discretionary
BGLC,Health Care
BGNE,Health Care
BGXX,Health Care
BHAC,Finance
BHACU,Finance
BHACW,Finance
BHAT,Consumer Discretionary
BHF,Finance
BHFAL,Finance
BHFAM,Finance
BHFAN,Finance
BHFAO,Finance
BHFAP,Finance
BHRB,Finance
BIAF,Health Care
BIAFW,Health Care
BIDU,Technology
BIGC,Technology
BIIB,Health Care
BILI,Technology
BIMI,Health Care
BIOC,Health Care
BIOL,Health Care
BIOR,Health Care
BIOS,Finance
BIOSW,Finance
BIOX,Industrials
BIRD,Consumer Discretionary
BITF,Finance
BIVI,Health Care
BJDX,Health Care
BJRI,Consumer Discretionary
BKCC,Finance
BKNG,Consumer Discretionary
BKR,Industrials
BKYI,Technology
BL,Technology
BLAC,Finance
BLACR,Finance
BLBD,Consumer Discretionary
BLBX,Technology
BLDE,Consumer Discretionary
BLDEW,Consumer Discretionary
BLDP,Energy
BLEUR,Finance
BLEUW,Finance
BLFS,Health Care
BLFY,Finance
BLIN,Technology
BLKB,Technology
BLMN,Consumer Discretionary
BLNK,Consumer Discretionary
BLPH,Health Care
BLRX,Health Care
BLTE,Health Care
BLUE,Health Care
BLZE,Technology
BMBL,Technology
BMEA,Health Care
BMR,Technology
BMRA,Health Care
BMRC,Finance
BMRN,Health Care
BNGO,Industrials
BNIX,Finance
BNIXR,Finance
BNIXW,Finance
BNMV,Energy
BNOX,Health Care
BNR,Health Care
BNRG,
BNTC,Health Care
BNTX,Health Care
BOCN,Finance
BOCNU,Finance
BOCNW,Finance
BOF,Consumer Staples
BOKF,Finance
BOLT,Health Care
BON,Health Care
BOOM,Industrials
BOSC,Telecommunications
BOTJ,Finance
BOWN,
BOWNU,
BOXL,Consumer Discretionary
BPMC,Health Care
BPOP,Finance
BPOPM,Finance
BPRN,Finance
BPTH,Health Care
BPTS,Health Care
BPYPM,Finance
BPYPN,Finance
BPYPO,Finance
BPYPP,Finance
BRACR,Finance
BRAG,
BREA,Consumer Discretionary
BREZ,Finance
BREZR,Finance
BREZW,Finance
BRFH,Consumer Staples
BRID,Consumer Staples
BRKH,Finance
BRKHW,Finance
BRKL,Finance
BRKR,Industrials
BRLI,Finance
BRLIR,Finance
BRLIW,Finance
BRLT,Consumer Discretionary
BROG,Energy
BROGW,Energy
BRP,Finance
BRQS,Technology
BRSH,
BRSHW,Health Care
BRTX,Health Care
BRY,Energy
BRZE,Technology
BSBK,Finance
BSET,Consumer Discretionary
BSFC,
BSGM,Health Care
BSQR,Consumer Discretionary
BSRR,Finance
BSVN,Finance
BSY,Technology
BTAI,Health Care
BTBD,Consumer Discretionary
BTBDW,Consumer Discretionary
BTBT,Finance
BTCS,Finance
BTCY,Health Care
BTDR,Technology
BTM,Finance
BTMD,Health Care
BTMWW,Finance
BTOG,Finance
BTTX,Health Care
BTWN,Finance
BTWNW,Finance
BUJA,Finance
BUJAR,Finance
BUJAU,Finance
BUJAW,Finance
BUSE,Finance
BVFL,Finance
BVS,Health Care
BWAQ,Finance
BWAQR,Finance
BWAQW,Finance
BWAY,Health Care
BWB,Finance
BWBBP,Finance
BWEN,Industrials
BWFG,Finance
BWMN,Consumer Discretionary
BWMX,Consumer Discretionary
BWV,Health Care
BXRX,Health Care
BYFC,Finance
BYND,Consumer Staples
BYNO,Finance
BYNOW,Finance
BYRN,Miscellaneous
BYSI,Health Care
BYTS,Finance
BYTSW,Finance
BZ,Technology
BZFD,Consumer Discretionary
BZFDW,Consumer Discretionary
BZUN,Consumer Discretionary
CAAS,Consumer Discretionary
CABA,Health Care
CAC,Finance
CACC,Finance
CACO,Consumer Discretionary
CADL,Health Care
CAKE,Consumer Discretionary
CALB,Finance
CALC,Health Care
CALM,Consumer Staples
CALT,Health Care
CAMP,Technology
CAMT,Technology
CAN,Technology
CAPR,Health Care
CAR,Consumer Discretionary
CARA,Health Care
CARE,Finance
CARG,Technology
CARM,Health Care
CART,
CARV,Finance
CASA,Technology
CASH,Finance
CASI,Health Care
CASS,Consumer Discretionary
CASY,Consumer Discretionary
CATC,Finance
CATY,Finance
CBAN,Finance
CBAT,Miscellaneous
CBAY,Health Care
CBFV,Finance
CBIO,Health Care
CBNK,Finance
CBRG,Finance
CBRL,Consumer Discretionary
CBSH,Finance
CBUS,Industrials
CCAP,Finance
CCB,Finance
CCBG,Finance
CCCC,Health Care
CCCS,Technology
CCD,Finance
CCEP,Consumer Staples
CCG,
CCGWW,
CCLD,Technology
CCLDO,Technology
CCLDP,Technology
CCLP,Energy
CCNE,Finance
CCNEP,Finance
CCOI,Consumer Discretionary
CCRN,Consumer Discretionary
CCSI,Technology
CCTS,Finance
CCTSW,Finance
CD,Finance
CDAQ,Finance
CDAQU,Finance
CDAQW,Finance
CDIO,Health Care
CDIOW,Health Care
CDLX,Technology
CDMO,Health Care
CDNA,Health Care
CDNS,Technology
CDRO,Consumer Discretionary
CDROW,Consumer Discretionary
CDTX,Health Care
CDW,Consumer Discretionary
CDXC,Health Care
CDXS,Industrials
CDZI,Utilities
CDZIP,Utilities
CEAD,
CEADW,Industrials
CECO,Industrials
CEG,Utilities
CELC,Health Care
CELH,Consumer Staples
CELL,Health Care
CELU,Health Care
CELUW,Health Care
CELZ,Health Care
CENN,Consumer Discretionary
CENT,Consumer Discretionary
CENTA,Consumer Discretionary
CENX,Industrials
CERE,Health Care
CERS,Technology
CERT,Technology
CETU,Finance
CETUU,Finance
CETX,Technology
CETXP,Technology
CETY,Consumer Discretionary
CEVA,Technology
CFB,Finance
CFBK,Finance
CFFE,Consumer Discretionary
CFFEU,Consumer Discretionary
CFFEW,Consumer Discretionary
CFFI,Finance
CFFN,Finance
CFFS,Finance
CFIV,Finance
CFIVW,Finance
CFLT,Technology
CFRX,Health Care
CFSB,Finance
CG,Finance
CGABL,Finance
CGBD,Finance
CGC,Health Care
CGEM,Health Care
CGEN,Health Care
CGNT,Technology
CGNX,Industrials
CGO,Finance
CGRN,Industrials
CGTX,Health Care
CHCI,Finance
CHCO,Finance
CHDN,Consumer Discretionary
CHEA,Finance
CHEF,Consumer Discretionary
CHEK,Health Care
CHI,Finance
CHK,Energy
CHKEL,Energy
CHKEZ,Energy
CHKP,Technology
CHMG,Finance
CHNR,Basic Materials
CHRD,Energy
CHRS,Health Care
CHRW,Consumer Discretionary
CHSCL,Industrials
CHSCM,Industrials
CHSCN,Industrials
CHSCO,Industrials
CHSCP,Industrials
CHSN,Consumer Staples
CHTR,Telecommunications
CHUY,Consumer Discretionary
CHW,Finance
CHX,Industrials
CHY,Finance
CIFR,Finance
CIFRW,Finance
CIGI,Finance
CINF,Finance
CING,Health Care
CINGW,Health Care
CISO,Technology
CISS,Consumer Discretionary
CITE,Finance
CIVB,Finance
CIZN,Finance
CJET,Consumer Discretionary
CJJD,Consumer Staples
CKPT,Health Care
CLAR,Consumer Discretionary
CLAY,Finance
CLBK,Finance
CLBT,Technology
CLBTW,Technology
CLDX,Health Care
CLEU,Consumer Discretionary
CLFD,Utilities
CLGN,Health Care
CLIN,Utilities
CLINR,Utilities
CLINW,Utilities
CLIR,Industrials
CLLS,Health Care
CLMB,Technology
CLMT,Energy
CLNE,Utilities
CLNN,Health Care
CLNNW,Health Care
CLOE,Finance
CLOV,Health Care
CLPS,Technology
CLPT,Health Care
CLRB,Health Care
CLRC,Finance
CLRCR,Finance
CLRCW,Finance
CLRO,Technology
CLSD,Health Care
CLSK,Finance
CLST,
CLVR,Health Care
CLVRW,Health Care
CLWT,Consumer Discretionary
CMAX,Technology
CMAXW,Technology
CMBM,Technology
CMCA,Finance
CMCAU,Finance
CMCO,Industrials
CMCSA,Telecommunications
CMCT,Real Estate
CME,Finance
CMLS,Consumer Discretionary
CMMB,Health Care
CMND,Health Care
CMPO,Finance
CMPOW,Finance
CMPR,Consumer Discretionary
CMPS,Health Care
CMPX,Health Care
CMRA,Health Care
CMRAW,Health Care
CMRX,Health Care
CMTL,Technology
CNDT,Consumer Discretionary
CNET,Technology
CNEY,Industrials
CNFR,Finance
CNFRL,Finance
CNGL,Finance
CNGLU,Finance
CNGLW,Finance
CNOB,Finance
CNOBP,Finance
CNSL,Telecommunications
CNSP,Health Care
CNTA,Health Care
CNTB,Health Care
CNTG,Health Care
CNTX,Health Care
CNTY,Consumer Discretionary
CNVS,Consumer Discretionary
CNXA,Consumer Discretionary
CNXC,Technology
CNXN,Consumer Discretionary
COCO,Consumer Staples
COCP,Health Care
CODA,Industrials
CODX,Health Care
COEP,Health Care
COEPW,Health Care
COFS,Finance
COGT,Health Care
COHU,Industrials
COIN,Finance
COKE,Consumer Staples
COLB,Finance
COLL,Health Care
COLM,Consumer Discretionary
COMM,Technology
COMS,Consumer Discretionary
COMSP,Consumer Discretionary
COMSW,Consumer Discretionary
CONN,Consumer Discretionary
CONX,Finance
CONXU,Finance
CONXW,Finance
COOL,Finance
COOLU,Finance
COOLW,Finance
COOP,Finance
CORT,Health Care
COSM,Health Care
COST,Consumer Discretionary
COYA,Health Care
CPHC,Consumer Discretionary
CPIX,Health Care
CPLP,Consumer Discretionary
CPOP,Consumer Discretionary
CPRT,Consumer Discretionary
CPRX,Health Care
CPSH,Consumer Discretionary
CPSI,Technology
CPSS,Finance
CPTN,Industrials
CPTNW,Industrials
CPZ,Finance
CRAI,Consumer Discretionary
CRBP,Health Care
CRBU,Health Care
CRCT,Industrials
CRDF,Health Care
CRDL,Health Care
CRDO,Technology
CREG,Consumer Discretionary
CRESW,Finance
CRESY,Finance
CREX,Technology
CREXW,Technology
CRGE,Consumer Discretionary
CRGO,Finance
CRGOW,Finance
CRIS,Health Care
CRKN,Technology
CRMD,Health Care
CRMT,Consumer Discretionary
CRNC,Technology
CRNT,Technology
CRNX,Health Care
CRON,Health Care
CROX,Consumer Discretionary
CRSP,Health Care
CRSR,Technology
CRTO,Consumer Discretionary
CRUS,Technology
CRVL,Finance
CRVO,Health Care
CRVS,Health Care
CRWD,Technology
CRWS,Consumer Discretionary
CSBR,Health Care
CSCO,Telecommunications
CSGP,Finance
CSGS,Technology
CSIQ,Technology
CSLM,Finance
CSLMR,Finance
CSLMW,Finance
CSLR,Technology
CSLRW,Health Care
CSPI,Technology
CSQ,Finance
CSSE,Consumer Discretionary
CSSEL,Consumer Discretionary
CSSEN,Consumer Discretionary
CSSEP,Consumer Discretionary
CSTE,Consumer Discretionary
CSTL,Health Care
CSTR,Finance
CSWC,Consumer Discretionary
CSWCZ,Finance
CSWI,Industrials
CSX,Industrials
CTAS,Consumer Discretionary
CTBI,Finance
CTCX,Health Care
CTCXW,Health Care
CTG,Technology
CTHR,Consumer Discretionary
CTIB,Miscellaneous
CTKB,Health Care
CTLP,Technology
CTMX,Health Care
CTNT,
CTRM,Consumer Discretionary
CTRN,Consumer Discretionary
CTSH,Technology
CTSO,Health Care
CTXR,Health Care
CUBA,Finance
CUE,Health Care
CUEN,Technology
CULL,Finance
CURI,Consumer Discretionary
CURIW,Consumer Discretionary
CUTR,Health Care
CVAC,Health Care
CVBF,Finance
CVCO,Consumer Discretionary
CVCY,Finance
CVGI,Consumer Discretionary
CVGW,Consumer Discretionary
CVKD,Health Care
CVLG,Industrials
CVLT,Technology
CVLY,Finance
CVRX,Health Care
CVV,Technology
CWBC,Finance
CWBR,Health Care
CWCO,Utilities
CWD,Finance
CWST,Utilities
CXAI,Technology
CXAIW,Technology
CXDO,Telecommunications
CYAN,Health Care
CYBR,Technology
CYCC,Health Care
CYCCP,Health Care
CYCN,Health Care
CYN,Technology
CYRX,Health Care
CYT,Health Care
CYTH,Health Care
CYTK,Health Care
CYTO,Health Care
CZFS,Finance
CZNC,Finance
CZR,Consumer Discretionary
CZWI,Finance
DADA,Technology
DAIO,Industrials
DAKT,Consumer Discretionary
DALN,Consumer Discretionary
DARE,Health Care
DATS,Technology
DAVE,Technology
DAVEW,Technology
DAWN,Health Care
DBGI,Consumer Discretionary
DBGIW,Consumer Discretionary
DBTX,Health Care
DBVT,Health Care
DBX,Technology
DCBO,
DCFC,Technology
DCFCW,Technology
DCGO,Health Care
DCOM,Finance
DCOMP,Finance
DCPH,Health Care
DCTH,Health Care
DDI,Technology
DDOG,Technology
DECA,Finance
DECAU,Finance
DECAW,Finance
DENN,Consumer Discretionary
DERM,Health Care
DFLI,Technology
DFLIW,Technology
DGHI,
DGICA,Finance
DGICB,Finance
DGII,Telecommunications
DGLY,Technology
DH,Technology
DHAC,Health Care
DHACU,Health Care
DHACW,Health Care
DHC,Real Estate
DHCA,Finance
DHCAW,Finance
DHCNI,Real Estate
DHCNL,Real Estate
DHIL,Finance
DIBS,Consumer Discretionary
DIOD,Technology
DISA,Finance
DISH,Telecommunications
DIST,Finance
DISTR,Finance
DISTW,Finance
DJCO,Consumer Discretionary
DKDCA,Health Care
DKDCW,Health Care
DKNG,Consumer Discretionary
DLHC,Consumer Discretionary
DLO,Consumer Discretionary
DLPN,Consumer Discretionary
DLTH,Consumer Discretionary
DLTR,Consumer Discretionary
DMAC,Health Care
DMAQ,Industrials
DMAQR,
DMK,Health Care
DMLP,Energy
DMRC,Technology
DMTK,Health Care
DNLI,Health Care
DNTH,Health Care
DNUT,Consumer Staples
DOCU,Technology
DOGZ,Consumer Discretionary
DOMH,Health Care
DOMO,Technology
DOOO,Consumer Discretionary
DORM,Consumer Discretionary
DOX,Technology
DOYU,Technology
DPCS,Finance
DPRO,Industrials
DRCT,Technology
DRCTW,Technology
DRIO,Health Care
DRMA,Health Care
DRRX,Health Care
DRS,Industrials
DRTS,Health Care
DRUG,Health Care
DRVN,Consumer Discretionary
DSGN,Health Care
DSGR,Consumer Discretionary
DSGX,Technology
DSKE,Consumer Discretionary
DSP,Technology
DSWL,Industrials
DTCK,
DTI,Industrials
DTIL,Health Care
DTSS,Technology
DTST,Technology
DTSTW,Technology
DUET,Finance
DUETW,Finance
DUNE,Finance
DUNEU,Finance
DUNEW,Finance
DUO,Finance
DUOL,Technology
DUOT,Technology
DVAX,Health Care
DWAC,Technology
DWACU,Technology
DWACW,Technology
DWSN,Energy
DXCM,Health Care
DXLG,Consumer Discretionary
DXPE,Industrials
DXR,Health Care
DXYN,Consumer Discretionary
DYAI,Health Care
DYN,Health Care
DYNT,Health Care
DZSI,Utilities
EA,Technology
EAC,Finance
EACPW,Finance
EAR,Health Care
EAST,Consumer Staples
EBAY,Consumer Discretionary
EBC,Finance
EBET,Consumer Discretionary
EBIX,Technology
EBMT,Finance
EBON,Technology
EBTC,Finance
ECBK,Finance
ECOR,Health Care
ECPG,Finance
ECX,Technology
ECXWW,Technology
EDAP,Health Care
EDBL,Consumer Staples
EDBLW,Consumer Staples
EDIT,Health Care
EDRY,Consumer Discretionary
EDSA,Health Care
EDTK,Consumer Discretionary
EDUC,Consumer Discretionary
EEFT,Finance
EEIQ,Consumer Discretionary
EFHT,Consumer Discretionary
EFHTR,Finance
EFOI,Consumer Discretionary
EFSC,Finance
EFSCP,Finance
EFTR,Health Care
EGAN,Technology
EGBN,Finance
EGHT,Technology
EGIO,Consumer Discretionary
EGLX,Miscellaneous
EGRX,Health Care
EH,Industrials
EHTH,Finance
EIGR,Health Care
EJH,Consumer Discretionary
EKSO,Health Care
ELBM,Miscellaneous
ELDN,Health Care
ELEV,Health Care
ELOX,Health Care
ELSE,Industrials
ELTK,Technology
ELTX,Health Care
ELUT,Health Care
ELVA,
ELVN,Health Care
ELWS,
ELYM,Health Care
ELYS,Technology
EM,Consumer Discretionary
EMBC,Health Care
EMCG,Finance
EMCGR,Finance
EMKR,Technology
EML,Consumer Discretionary
EMLD,Finance
EMLDW,Finance
ENCP,Energy
ENCPW,Energy
ENER,Finance
ENERR,Finance
ENG,Consumer Discretionary
ENLT,
ENLV,Health Care
ENPH,Technology
ENSC,Health Care
ENSG,Health Care
ENTA,Health Care
ENTG,Industrials
ENTX,Health Care
ENVB,Health Care
ENVX,Miscellaneous
EOLS,Health Care
EOSE,Miscellaneous
EOSEW,Miscellaneous
EPIX,Health Care
EPOW,Consumer Discretionary
EPSN,Energy
EQ,Health Care
EQIX,Real Estate
EQRX,Health Care
EQRXW,Health Care
ERAS,Health Care
ERIC,Technology
ERIE,Finance
ERII,Technology
ERNA,Health Care
ESAC,Finance
ESACU,Finance
ESACW,Finance
ESCA,Consumer Discretionary
ESEA,Consumer Discretionary
ESGL,
ESGR,Finance
ESGRO,Finance
ESGRP,Finance
ESHA,Finance
ESHAR,Finance
ESLT,Industrials
ESOA,Industrials
ESPR,Health Care
ESQ,Finance
ESSA,Finance
ESTA,Health Care
ETAO,Finance
ETNB,Health Care
ETON,Health Care
ETSY,Consumer Discretionary
EUDA,Finance
EVAX,Health Care
EVBG,Technology
EVCM,Technology
EVER,Technology
EVGN,Industrials
EVGO,Consumer Discretionary
EVGOW,Consumer Discretionary
EVGR,Finance
EVGRW,Finance
EVLO,Health Care
EVLV,Technology
EVLVW,Technology
EVO,Health Care
EVOK,Health Care
EVRG,Utilities
EVTV,Consumer Discretionary
EWBC,Finance
EWCZ,Consumer Discretionary
EWTX,Health Care
EXAI,Health Care
EXAS,Health Care
EXC,Utilities
EXEL,Health Care
EXFY,Technology
EXLS,Technology
EXPD,Consumer Discretionary
EXPE,Consumer Discretionary
EXPI,Finance
EXPO,Consumer Discretionary
EXTR,Telecommunications
EYE,Health Care
EYEN,Health Care
EYPT,Industrials
EZFL,Technology
EZGO,Consumer Discretionary
EZPW,Miscellaneous
FA,Consumer Discretionary
FAMI,Consumer Staples
FANG,Energy
FANH,Finance
FARM,Consumer Staples
FARO,Industrials
FAST,Consumer Discretionary
FAT,Consumer Discretionary
FATBB,Consumer Discretionary
FATBP,Consumer Discretionary
FATBW,Consumer Discretionary
FATE,Health Care
FATP,Consumer Discretionary
FATPW,Consumer Discretionary
FAZE,Industrials
FAZEW,Industrials
FBIO,Health Care
FBIOP,Health Care
FBIZ,Finance
FBMS,Finance
FBNC,Finance
FBRX,Health Care
FCAP,Finance
FCBC,Finance
FCCO,Finance
FCEL,Energy
FCFS,Miscellaneous
FCNCA,Finance
FCNCO,Finance
FCNCP,Finance
FCUV,Industrials
FDBC,Finance
FDMT,Health Care
FDUS,Finance
FEAM,Industrials
FEIM,Industrials
FELE,Consumer Discretionary
FEMY,Health Care
FENC,Health Care
FEXD,Finance
FEXDR,Finance
FFBC,Finance
FFIC,Finance
FFIE,Consumer Discretionary
FFIEW,Consumer Discretionary
FFIN,Finance
FFIV,Telecommunications
FFNW,Finance
FGBI,Finance
FGBIP,Finance
FGEN,Health Care
FGF,Finance
FGFPP,Finance
FGI,Industrials
FGIWW,Industrials
FHB,Finance
FHLT,Health Care
FHTX,Health Care
FIAC,Finance
FIACW,Finance
FIBK,Finance
FICVU,Finance
FICVW,Finance
FINW,Finance
FIP,Industrials
FISI,Finance
FITB,Finance
FITBI,Finance
FITBO,Finance
FITBP,Finance
FIVE,Consumer Discretionary
FIVN,Technology
FIXX,Health Care
FIZZ,Consumer Staples
FKWL,Utilities
FLEX,Technology
FLFV,Finance
FLFVR,Finance
FLGC,Health Care
FLGT,Health Care
FLIC,Finance
FLJ,Finance
FLL,Consumer Discretionary
FLNC,Miscellaneous
FLNT,Consumer Discretionary
FLUX,Miscellaneous
FLWS,Consumer Discretionary
FLXS,Consumer Discretionary
FLYW,Technology
FMAO,Finance
FMBH,Finance
FMNB,Finance
FMST,Consumer Discretionary
FMSTW,
FNCB,Finance
FNCH,Health Care
FNGR,Technology
FNKO,Consumer Discretionary
FNLC,Finance
FNVT,Finance
FNVTW,Finance
FNWB,Finance
FNWD,Finance
FOLD,Health Care
FONR,Health Care
FORA,Technology
FORD,Industrials
FORL,Finance
FORM,Technology
FORR,Consumer Discretionary
FORTY,Technology
FOSL,Consumer Discretionary
FOSLL,Consumer Discretionary
FOX,Industrials
FOXA,Industrials
FOXF,Consumer Discretionary
FPAY,Consumer Discretionary
FRAF,Finance
FRBA,Finance
FRBN,Finance
FRBNU,Finance
FRBNW,Finance
FREE,Consumer Staples
FREEW,Consumer Staples
FREQ,Health Care
FRES,Health Care
FRGI,Consumer Discretionary
FRGT,Consumer Discretionary
FRHC,Finance
FRLA,Finance
FRLAW,Finance
FRLN,Health Care
FRME,Finance
FRMEP,Finance
FROG,Technology
FRPH,Finance
FRPT,Consumer Staples
FRSH,Technology
FRST,Finance
FRSX,Technology
FRTX,Health Care
FRZA,Industrials
FSBC,Finance
FSBW,Finance
FSEA,Finance
FSFG,Finance
FSLR,Technology
FSRX,Finance
FSRXU,Finance
FSTR,Industrials
FSV,
FTAI,
FTAIM,
FTAIN,
FTAIO,
FTAIP,
FTCI,Technology
FTDR,Finance
FTEK,Industrials
FTEL,
FTFT,Technology
FTHM,Finance
FTII,Finance
FTLF,Health Care
FTNT,Technology
FTRE,Health Care
FULC,Health Care
FULT,Finance
FULTP,Finance
FUNC,Finance
FUND,Finance
FUSB,Finance
FUSN,Health Care
FUTU,Finance
FUV,Consumer Discretionary
FVCB,Finance
FWBI,Health Care
FWONA,Industrials
FWONK,Industrials
FWRD,Consumer Discretionary
FWRG,Consumer Discretionary
FXNC,Finance
FYBR,Consumer Discretionary
GABC,Finance
GAIA,Consumer Discretionary
GAIN,Finance
GAINL,Finance
GAINN,Finance
GAINZ,Finance
GALT,Health Care
GAMB,Consumer Discretionary
GAMC,Finance
GAMCU,Finance
GAMCW,Finance
GAME,
GAN,Technology
GANX,Health Care
GASS,Consumer Discretionary
GATE,Finance
GATEW,Finance
GBBK,Finance
GBBKR,Finance
GBBKW,Finance
GBDC,Finance
GBIO,Health Care
GBNH,
GBNY,Finance
GCBC,Finance
GCMG,Finance
GCMGW,Finance
GCT,Consumer Discretionary
GCTK,Health Care
GDC,Industrials
GDEN,Consumer Discretionary
GDEV,Technology
GDEVW,Technology
GDHG,Consumer Discretionary
GDNRW,Finance
GDRX,Technology
GDS,Technology
GDST,Finance
GDSTR,Finance
GDSTW,Finance
GDTC,Health Care
GDYN,Technology
GECC,Finance
GECCM,Finance
GECCO,Finance
GECCZ,Finance
GEG,Technology
GEGGL,Finance
GEHC,Technology
GEN,Technology
GENE,Health Care
GENK,Consumer Discretionary
GEOS,Industrials
GERN,Health Care
GEVO,Industrials
GFAI,Consumer Discretionary
GFAIW,Finance
GFGD,Finance
GFGDR,Finance
GFGDW,Finance
GFS,Technology
GGAL,Finance
GGE,Finance
GGR,Consumer Discretionary
GGROW,Consumer Discretionary
GH,Health Care
GHIX,Finance
GHIXW,Finance
GHRS,Health Care
GHSI,Health Care
GIA,Health Care
GIFI,Industrials
GIGM,Technology
GIII,Consumer Discretionary
GILD,Health Care
GILT,Technology
GIPR,Real Estate
GIPRW,Real Estate
GLAD,Finance
GLADZ,
GLBE,Technology
GLBS,Consumer Discretionary
GLBZ,Finance
GLDD,Industrials
GLG,Industrials
GLLI,Industrials
GLLIR,
GLLIW,Industrials
GLMD,Health Care
GLNG,Consumer Discretionary
GLPG,Health Care
GLPI,Real Estate
GLRE,Finance
GLSI,Health Care
GLST,Industrials
GLSTW,Industrials
GLTO,Health Care
GLUE,Health Care
GLYC,Health Care
GMAB,Health Care
GMBL,Consumer Discretionary
GMBLP,Consumer Discretionary
GMBLW,Consumer Discretionary
GMBLZ,Consumer Discretionary
GMDA,Health Care
GMFIW,Finance
GMGI,Technology
GNFT,Health Care
GNLN,Consumer Discretionary
GNLX,Health Care
GNPX,Health Care
GNSS,Consumer Staples
GNTA,Health Care
GNTX,Consumer Discretionary
GO,Consumer Staples
GOCO,Finance
GODN,Finance
GODNR,Finance
GOEV,Consumer Discretionary
GOEVW,Consumer Discretionary
GOGL,Consumer Discretionary
GOGO,Consumer Discretionary
GOOD,Real Estate
GOODN,Real Estate
GOODO,Real Estate
GOOG,Technology
GOOGL,Technology
GOSS,Health Care
GOVX,Health Care
GOVXW,Health Care
GP,Consumer Discretionary
GPAC,Finance
GPACU,Finance
GPACW,Finance
GPCR,
GPP,Industrials
GPRE,Industrials
GPRO,Consumer Discretionary
GRAB,Consumer Discretionary
GRABW,Consumer Discretionary
GRCL,Health Care
GREE,Finance
GREEL,Finance
GRFS,Health Care
GRI,Health Care
GRIN,Consumer Discretionary
GRNQ,Consumer Discretionary
GROM,Technology
GROMW,Technology
GROW,Finance
GRPH,Health Care
GRPN,Consumer Discretionary
GRRR,Technology
GRRRW,Technology
GRTS,Health Care
GRTX,Health Care
GRVY,Consumer Discretionary
GRWG,Consumer Discretionary
GSBC,Finance
GSD,Technology
GSDWW,Technology
GSHD,Finance
GSIT,Technology
GSM,Basic Materials
GSMG,Technology
GSMGW,Technology
GSUN,Consumer Discretionary
GT,Consumer Discretionary
GTACW,Finance
GTBP,Health Care
GTEC,Industrials
GTH,Health Care
GTHX,Health Care
GTIM,Consumer Discretionary
GTLB,Technology
GTX,Consumer Discretionary
GURE,Industrials
GVP,Technology
GWAV,Consumer Staples
GWRS,Utilities
GYRO,Real Estate
HA,Consumer Discretionary
HAFC,Finance
HAIA,Finance
HAIAU,Finance
HAIAW,Finance
HAIN,Industrials
HALL,Finance
HALO,Health Care
HARP,Health Care
HAS,Consumer Discretionary
HAYN,Industrials
HBAN,Finance
HBANL,Finance
HBANM,Finance
HBANP,Finance
HBCP,Finance
HBIO,Industrials
HBNC,Finance
HBT,Finance
HCAT,Technology
HCCI,Industrials
HCDI,Real Estate
HCDIP,Real Estate
HCDIW,Real Estate
HCDIZ,Real Estate
HCKT,Consumer Discretionary
HCM,Health Care
HCP,Technology
HCSG,Health Care
HCTI,Technology
HCVI,Finance
HCVIW,Finance
HCWB,Health Care
HDSN,Consumer Discretionary
HEAR,Telecommunications
HEES,
HELE,Consumer Discretionary
HEPA,Health Care
HEPS,Consumer Discretionary
HFBL,Finance
HFFG,Consumer Discretionary
HFWA,Finance
HGBL,Finance
HHGC,Finance
HHGCR,Finance
HHGCU,Finance
HHGCW,Finance
HHRS,
HHS,Consumer Discretionary
HIBB,Consumer Discretionary
HIFS,Finance
HIHO,Industrials
HILS,Health Care
HIMX,Technology
HITI,
HIVE,Finance
HKIT,Technology
HLIT,Technology
HLMN,Consumer Discretionary
HLNE,Finance
HLP,Industrials
HLTH,Technology
HLVX,Health Care
HMNF,Finance
HMST,Finance
HNNA,Finance
HNNAZ,Finance
HNRG,Energy
HNST,Consumer Discretionary
HNVR,Finance
HOFT,Consumer Discretionary
HOFV,Consumer Discretionary
HOFVW,Consumer Discretionary
HOLI,Energy
HOLO,Technology
HOLOW,Technology
HOLX,Health Care
HON,Industrials
HONE,Finance
HOOD,Technology
HOOK,Health Care
HOPE,Finance
HOTH,Health Care
HOUR,Consumer Discretionary
HOVNP,Consumer Discretionary
HOWL,Health Care
HPCO,Health Care
HPK,Energy
HPKEW,Energy
HPLT,Finance
HPLTU,Finance
HPLTW,Finance
HQI,Consumer Discretionary
HQY,Consumer Discretionary
HRMY,Health Care
HROW,Health Care
HROWL,Health Care
HROWM,Health Care
HRTX,Health Care
HRYU,
HRZN,Finance
HSAI,
HSCS,Health Care
HSCSW,Health Care
HSDT,Health Care
HSIC,Health Care
HSII,Consumer Discretionary
HSON,Consumer Discretionary
HSPO,Finance
HST,Real Estate
HSTM,Technology
HSTO,Health Care
HTBI,Finance
HTBK,Finance
HTCR,Technology
HTHT,Consumer Discretionary
HTIA,Real Estate
HTIBP,Real Estate
HTLD,Industrials
HTLF,Finance
HTLFP,Finance
HTOO,Utilities
HTOOW,Utilities
HTZ,Consumer Discretionary
HTZWW,Consumer Discretionary
HUBC,
HUBCW,
HUBCZ,
HUBG,Consumer Discretionary
HUDA,Finance
HUDAR,Finance
HUDI,Industrials
HUGE,Health Care
HUIZ,Finance
HUMA,Health Care
HUMAW,Health Care
HURC,Industrials
HURN,Consumer Discretionary
HUT,Finance
HWBK,Finance
HWC,Finance
HWCPZ,Finance
HWEL,Finance
HWELW,Finance
HWKN,Consumer Discretionary
HYFM,Industrials
HYMC,Basic Materials
HYMCL,Basic Materials
HYMCW,Basic Materials
HYPR,Health Care
HYW,Finance
HYZN,Consumer Discretionary
HYZNW,Consumer Discretionary
HZNP,Health Care
IAC,Technology
IART,Health Care
IAS,Technology
IBCP,Finance
IBEX,Technology
IBKR,Finance
IBOC,Finance
IBRX,Health Care
IBTX,Finance
ICAD,Health Care
ICCC,Health Care
ICCH,Finance
ICCM,
ICCT,Technology
ICFI,Consumer Discretionary
ICG,Technology
ICHR,Technology
ICLK,Technology
ICLR,Health Care
ICMB,Finance
ICPT,Health Care
ICU,Health Care
ICUCW,Health Care
ICUI,Health Care
ICVX,Health Care
IDAI,Technology
IDCC,Telecommunications
IDEX,Consumer Discretionary
IDN,Technology
IDXX,Health Care
IDYA,Health Care
IEP,Consumer Discretionary
IESC,Industrials
IFBD,Technology
IFRX,Health Care
IGIC,Finance
IGICW,Finance
IGMS,Health Care
IGTA,Finance
IGTAR,Finance
IGTAW,Finance
IHRT,Consumer Discretionary
III,Consumer Discretionary
IIIV,Consumer Discretionary
IINN,Health Care
IINNW,Health Care
IKNA,Health Care
IKT,Health Care
ILAG,Consumer Discretionary
ILMN,Health Care
ILPT,Real Estate
IMAB,Health Care
IMAQ,Consumer Discretionary
IMAQR,Consumer Discretionary
IMAQW,Consumer Discretionary
IMCC,Health Care
IMCR,Health Care
IMGN,Health Care
IMKTA,Consumer Staples
IMMP,Health Care
IMMR,Technology
IMMX,Health Care
IMNM,Health Care
IMNN,Health Care
IMOS,Technology
IMPL,Health Care
IMPP,Consumer Discretionary
IMPPP,Consumer Discretionary
IMRN,Health Care
IMRX,Health Care
IMTE,Consumer Staples
IMTX,Health Care
IMTXW,Health Care
IMUX,Health Care
IMVT,Health Care
IMXI,Consumer Discretionary
INAB,Health Care
INAQ,Finance
INAQW,Finance
INBK,Finance
INBKZ,Finance
INBS,Health Care
INBX,Health Care
INCR,Health Care
INCY,Health Care
INDB,Finance
INDI,Technology
INDIW,Technology
INDP,Health Care
INDV,Health Care
INFN,Utilities
INGN,Health Care
INKT,Health Care
INM,Health Care
INMB,Health Care
INMD,Health Care
INNV,Health Care
INO,Health Care
INOD,Technology
INPX,Technology
INSE,Technology
INSG,Telecommunications
INSM,Health Care
INTA,Technology
INTC,Technology
INTE,Finance
INTEU,Finance
INTEW,Finance
INTG,Real Estate
INTR,
INTS,Health Care
INTU,Technology
INTZ,Telecommunications
INVA,Health Care
INVE,Technology
INVO,Health Care
INVZ,Consumer Discretionary
INVZW,Consumer Discretionary
INZY,Health Care
IOAC,Finance
IOACW,Finance
IOBT,Health Care
IONM,Health Care
IONR,
IONS,Health Care
IOSP,Industrials
IOVA,Health Care
IPA,Health Care
IPAR,Consumer Discretionary
IPDN,Technology
IPGP,Technology
IPHA,Health Care
IPSC,Health Care
IPW,Consumer Discretionary
IPWR,Industrials
IPX,Consumer Discretionary
IPXX,Finance
IPXXU,Finance
IPXXW,Finance
IQ,Consumer Discretionary
IRAA,Finance
IRBT,Consumer Discretionary
IRDM,Telecommunications
IREN,Technology
IRIX,Health Care
IRMD,Health Care
IRON,Health Care
IROQ,Finance
IRTC,Health Care
IRWD,Health Care
ISPC,Health Care
ISPO,Finance
ISPOW,Finance
ISPR,Health Care
ISRG,Health Care
ISRL,Finance
ISRLU,Finance
ISRLW,Finance
ISSC,Technology
ISTR,Finance
ISUN,Technology
ITAQ,Industrials
ITAQU,Industrials
ITCI,Health Care
ITI,Telecommunications
ITIC,Finance
ITOS,Health Care
ITRI,Industrials
ITRM,Health Care
ITRN,Technology
IVA,Health Care
IVAC,Technology
IVCA,Finance
IVCAW,Finance
IVCB,Finance
IVCP,Finance
IVCPU,Finance
IVCPW,Finance
IVDA,Technology
IVP,Miscellaneous
IVVD,Health Care
IXAQ,Finance
IXAQW,Finance
IXHL,
IZEA,Consumer Discretionary
IZM,Consumer Discretionary
JACK,Consumer Discretionary
JAGX,Health Care
JAKK,Consumer Discretionary
JAMF,Technology
JAN,Consumer Discretionary
JANX,Health Care
JAQC,Finance
JAQCW,Finance
JAZZ,Health Care
JBHT,Industrials
JBLU,Consumer Discretionary
JBSS,Consumer Staples
JCSE,Consumer Discretionary
JCTCF,Consumer Discretionary
JD,Consumer Discretionary
JEWL,Consumer Discretionary
JFBR,Consumer Discretionary
JFBRW,Consumer Discretionary
JFIN,Finance
JFU,Finance
JG,Technology
JGGC,Finance
JGGCR,Finance
JGGCW,Finance
JJSF,Consumer Staples
JKHY,Technology
JMSB,Finance
JNVR,
JOAN,Consumer Discretionary
JOUT,Consumer Discretionary
JRSH,Consumer Discretionary
JRVR,Finance
JSM,Finance
JSPR,Health Care
JSPRW,Health Care
JTAI,Finance
JTAIW,Finance
JTAIZ,
JVA,Consumer Staples
JWEL,Consumer Discretionary
JXJT,Consumer Staples
JYD,Consumer Discretionary
JYNT,Miscellaneous
JZ,Consumer Discretionary
JZXN,Consumer Discretionary
KA,Health Care
KACL,Finance
KACLR,Finance
KALA,Health Care
KALU,Industrials
KALV,Health Care
KARO,Technology
KAVL,Health Care
KBNT,Technology
KC,Technology
KDP,Consumer Staples
KE,Technology
KELYA,Consumer Discretionary
KELYB,Consumer Discretionary
KEQU,Industrials
KERN,Technology
KERNW,Technology
KFFB,Finance
KFRC,Consumer Discretionary
KHC,Consumer Staples
KIDS,Health Care
KINS,Finance
KIRK,Consumer Discretionary
KITT,Industrials
KITTW,Industrials
KLAC,Technology
KLIC,Technology
KLTR,Technology
KLXE,Energy
KMDA,Health Care
KNDI,Consumer Discretionary
KNSA,Health Care
KNTE,Health Care
KOD,Health Care
KOPN,Technology
KOSS,Consumer Staples
KPLT,Consumer Discretionary
KPLTW,Consumer Discretionary
KPRX,Health Care
KPTI,Health Care
KRKR,Consumer Discretionary
KRMD,Health Care
KRNL,Finance
KRNLW,Finance
KRNT,Industrials
KRNY,Finance
KRON,Health Care
KROS,Health Care
KRT,Industrials
KRTX,Health Care
KRUS,Consumer Discretionary
KRYS,Health Care
KSCP,Telecommunications
KTCC,Technology
KTOS,Industrials
KTRA,Health Care
KTTA,Health Care
KTTAW,Health Care
KURA,Health Care
KVAC,
KVACU,
KVACW,
KVHI,Technology
KVSA,Health Care
KWE,
KWESW,Technology
KXIN,Consumer Discretionary
KYCH,Finance
KYCHR,Finance
KYCHW,Finance
KYMR,Health Care
KZIA,Health Care
KZR,Health Care
LAB,Industrials
LABP,Health Care
LAES,Technology
LAKE,Health Care
LAMR,Real Estate
LANC,Consumer Staples
LAND,Real Estate
LANDM,Real Estate
LANDO,Real Estate
LANDP,Real Estate
LARK,Finance
LASE,Industrials
LASR,Technology
LATG,Finance
LAUR,Consumer Discretionary
LAZR,Technology
LAZY,Consumer Discretionary
LBAI,Finance
LBBB,Finance
LBBBR,Finance
LBC,Finance
LBPH,Health Care
LBRDA,Telecommunications
LBRDK,Telecommunications
LBRDP,Telecommunications
LBTYA,Telecommunications
LBTYB,Telecommunications
LBTYK,Telecommunications
LCA,Finance
LCAA,Finance
LCAAU,Finance
LCAAW,Finance
LCAHU,Finance
LCAHW,Finance
LCFY,
LCFYW,
LCID,Consumer Discretionary
LCNB,Finance
LCUT,Consumer Discretionary
LDWY,Consumer Discretionary
LE,Consumer Discretionary
LECO,Industrials
LEDS,Technology
LEE,Consumer Discretionary
LEGH,Consumer Discretionary
LEGN,Health Care
LESL,Miscellaneous
LEXX,Health Care
LFAC,Finance
LFACW,Finance
LFCR,Health Care
LFLY,Technology
LFLYW,Technology
LFMD,Health Care
LFMDP,Health Care
LFST,Health Care
LFUS,Energy
LFVN,Health Care
LGHL,Finance
LGHLW,Finance
LGIH,Consumer Discretionary
LGMK,Health Care
LGND,Health Care
LGO,Industrials
LGST,Finance
LGSTW,Finance
LGVC,
LGVCW,
LGVN,Health Care
LI,Consumer Discretionary
LIAN,Health Care
LIBY,Finance
LIBYU,Finance
LIBYW,Finance
LICN,
LIDR,Consumer Discretionary
LIDRW,Consumer Discretionary
LIFE,Health Care
LIFW,Technology
LIFWW,Technology
LIFWZ,Technology
LILA,Telecommunications
LILAK,Telecommunications
LILM,Industrials
LILMW,Industrials
LINC,Consumer Discretionary
LIND,Consumer Discretionary
LINK,Technology
LIPO,Health Care
LIQT,Industrials
LITE,Telecommunications
LITM,Basic Materials
LIVB,Finance
LIVBW,Finance
LIVE,Consumer Discretionary
LIVN,Health Care
LIXT,Health Care
LIXTW,Health Care
LIZI,Technology
LKCO,Technology
LKFN,Finance
LKQ,Consumer Discretionary
LLYVA,Industrials
LLYVK,Industrials
LMAT,Health Care
LMB,Consumer Discretionary
LMDX,Health Care
LMDXW,Health Care
LMFA,Finance
LMNL,Health Care
LMNR,Consumer Staples
LNKB,
LNSR,Health Care
LNT,Utilities
LNTH,Health Care
LNW,Technology
LNZA,Industrials
LNZAW,Industrials
LOAN,Real Estate
LOCO,Consumer Discretionary
LOGI,Technology
LOOP,Industrials
LOPE,Consumer Discretionary
LOVE,Consumer Discretionary
LPCN,Health Care
LPLA,Finance
LPRO,Finance
LPSN,Technology
LPTH,Technology
LPTX,Health Care
LQDA,Health Care
LQDT,Consumer Discretionary
LQR,
LRCX,Technology
LRFC,Finance
LRMR,Health Care
LSAK,Technology
LSBK,Finance
LSCC,Technology
LSDI,Health Care
LSEA,Consumer Discretionary
LSEAW,Consumer Discretionary
LSTA,Health Care
LSTR,Industrials
LSXMA,Consumer Discretionary
LSXMB,Consumer Discretionary
LSXMK,Industrials
LTBR,Consumer Discretionary
LTRN,Health Care
LTRPA,Technology
LTRPB,Technology
LTRX,Telecommunications
LTRY,Technology
LTRYW,Technology
LUCD,Health Care
LUCY,Health Care
LUCYW,Health Care
LULU,Consumer Discretionary
LUMO,Health Care
LUNA,Health Care
LUNG,Health Care
LUNR,Industrials
LUNRW,Industrials
LUXH,Finance
LVLU,Consumer Discretionary
LVO,Consumer Discretionary
LVOX,Technology
LVOXU,Technology
LVOXW,Technology
LVRO,Finance
LVROW,Finance
LVTX,Health Care
LWAY,Consumer Staples
LWLG,Industrials
LX,Finance
LXEH,Consumer Discretionary
LXRX,Health Care
LYEL,Health Care
LYFT,Consumer Discretionary
LYRA,Health Care
LYT,Technology
LYTS,Consumer Discretionary
LZ,Technology
MACA,Finance
MACAU,Finance
MACAW,Finance
MACK,Health Care
MAMA,Consumer Staples
MANH,Technology
MAPS,Consumer Discretionary
MAPSW,Technology
MAQC,Finance
MAQCU,Finance
MAQCW,Finance
MAR,Consumer Discretionary
MARA,Technology
MARK,Consumer Discretionary
MARPS,Energy
MARX,Finance
MARXR,Finance
MARXU,Finance
MASI,Health Care
MASS,Health Care
MAT,Consumer Discretionary
MATH,Finance
MATW,Telecommunications
MAXN,Technology
MAYS,Real Estate
MBCN,Finance
MBIN,Finance
MBINM,Finance
MBINN,Finance
MBINO,Finance
MBINP,Finance
MBIO,Health Care
MBLY,Technology
MBNKP,Finance
MBOT,Health Care
MBRX,Health Care
MBTC,Finance
MBTCR,Finance
MBUU,Industrials
MBWM,Finance
MCAA,Finance
MCAC,Finance
MCACR,Finance
MCACW,Finance
MCAF,Finance
MCAFR,Finance
MCAG,Finance
MCAGR,Finance
MCBC,Finance
MCBS,Finance
MCFT,Industrials
MCHP,Technology
MCHX,Consumer Discretionary
MCLD,
MCLDW,
MCOM,Consumer Discretionary
MCOMW,Consumer Discretionary
MCRB,Health Care
MCRI,Consumer Discretionary
MCVT,Finance
MDAI,Health Care
MDAIW,
MDB,Technology
MDBH,
MDGL,Health Care
MDGS,Health Care
MDIA,Consumer Discretionary
MDJH,Finance
MDLZ,Consumer Staples
MDNA,Health Care
MDRR,Real Estate
MDRRP,Real Estate
MDRX,Technology
MDVL,Consumer Staples
MDWD,Health Care
MDWT,Finance
MDXG,Health Care
MDXH,
ME,Health Care
MEDP,Health Care
MEDS,Health Care
MEGL,Finance
MEIP,Health Care
MELI,Consumer Discretionary
MEOH,
MERC,Basic Materials
MESA,Consumer Discretionary
MESO,Health Care
META,Technology
METC,Energy
METCB,Energy
METCL,Energy
METX,Consumer Discretionary
METXW,Consumer Discretionary
MF,Consumer Discretionary
MFH,Finance
MFIC,Finance
MFIN,Finance
MGAM,Consumer Discretionary
MGEE,Energy
MGIC,Technology
MGIH,Consumer Discretionary
MGNI,Consumer Discretionary
MGNX,Health Care
MGOL,Consumer Discretionary
MGPI,Consumer Staples
MGRC,Consumer Discretionary
MGRM,Health Care
MGRX,Technology
MGTX,Health Care
MGYR,Finance
MHLD,Finance
MHUA,Health Care
MICS,Consumer Staples
MIDD,Industrials
MIGI,Finance
MIND,Industrials
MINDP,Industrials
MINM,Utilities
MIRA,Health Care
MIRM,Health Care
MIRO,Health Care
MIST,Health Care
MITA,Finance
MITAU,Finance
MITAW,Finance
MITK,Technology
MKSI,Industrials
MKTW,Technology
MKTX,Finance
MKUL,Utilities
MLAB,Industrials
MLCO,Consumer Discretionary
MLEC,Finance
MLECW,Finance
MLGO,Technology
MLKN,Consumer Discretionary
MLTX,Health Care
MLYS,Health Care
MMAT,Technology
MMLP,Energy
MMSI,Health Care
MMV,Finance
MMVWW,Finance
MMYT,Consumer Discretionary
MNDO,Technology
MNDY,Technology
MNKD,Health Care
MNMD,Health Care
MNOV,Health Care
MNPR,Health Care
MNRO,Consumer Discretionary
MNSB,Finance
MNSBP,Finance
MNST,Consumer Staples
MNTK,Utilities
MNTS,
MNTSW,Industrials
MNTX,Technology
MOB,Real Estate
MOBBW,Real Estate
MOBQ,Consumer Discretionary
MOBQW,Consumer Discretionary
MOBV,Finance
MOBVW,Finance
MODD,Health Care
MODV,Consumer Discretionary
MOFG,Finance
MOGO,
MOLN,
MOMO,Technology
MOND,Consumer Discretionary
MOR,Health Care
MORF,Health Care
MORN,Finance
MOTS,Health Care
MOVE,Health Care
MOXC,Technology
MPAA,Consumer Discretionary
MPB,Finance
MPRA,Finance
MPRAU,Finance
MPRAW,Finance
MPWR,Technology
MQ,Technology
MRAI,Health Care
MRAM,Technology
MRBK,Finance
MRCC,Finance
MRCY,Technology
MREO,Health Care
MRIN,Technology
MRKR,Health Care
MRM,Consumer Discretionary
MRNA,Health Care
MRNS,Health Care
MRSN,Health Care
MRTN,Industrials
MRTX,Health Care
MRUS,Health Care
MRVI,Health Care
MRVL,Technology
MSBI,Finance
MSBIP,Finance
MSEX,Utilities
MSFT,Technology
MSGM,Technology
MSSA,Finance
MSSAU,Finance
MSTR,Technology
MTC,Technology
MTCH,Technology
MTEK,
MTEKW,
MTEM,Health Care
MTEX,Health Care
MTLS,Technology
MTRX,Consumer Discretionary
MTRYW,Finance
MTSI,Technology
MTTR,Technology
MU,Technology
MULN,Consumer Discretionary
MURF,Health Care
MURFU,Health Care
MURFW,Health Care
MVBF,Finance
MVIS,Technology
MVLA,Technology
MVLAW,Technology
MVST,Miscellaneous
MVSTW,Miscellaneous
MXCT,Health Care
MXL,Technology
MYFW,Finance
MYGN,Health Care
MYMD,Health Care
MYNA,
MYNZ,Health Care
MYPS,Technology
MYPSW,Technology
MYRG,Industrials
MYSZ,Technology
NA,Technology
NAAS,Consumer Discretionary
NAII,Health Care
NAMS,Health Care
NAMSW,Health Care
NAOV,Health Care
NARI,Health Care
NATH,Consumer Discretionary
NATI,Technology
NATR,Health Care
NAUT,Industrials
NAVI,Finance
NB,Basic Materials
NBIX,Health Care
NBN,Finance
NBSE,Health Care
NBST,Finance
NBSTW,Finance
NBTB,Finance
NBTX,Health Care
NCAC,Finance
NCMI,Consumer Discretionary
NCNA,Health Care
NCNC,
NCNCW,
NCNO,Technology
NCPL,Finance
NCPLW,Finance
NCRA,Consumer Staples
NCSM,Energy
NCTY,Consumer Discretionary
NDAQ,Finance
NDLS,Consumer Discretionary
NDRA,Health Care
NDSN,Industrials
NECB,Finance
NEGG,Consumer Discretionary
NEO,Health Care
NEOG,Health Care
NEON,Technology
NEOV,Miscellaneous
NEOVW,Miscellaneous
NEPH,Health Care
NEPT,Health Care
NERV,Health Care
NETD,
NETDU,
NETDW,
NEWT,Finance
NEWTI,Finance
NEWTL,Finance
NEWTZ,Finance
NEXI,Health Care
NEXT,Utilities
NFBK,Finance
NFE,Utilities
NFLX,Consumer Discretionary
NFTG,Technology
NGM,Health Care
NGMS,Consumer Discretionary
NHTC,Consumer Discretionary
NICE,Technology
NICK,Finance
NIOBW,Basic Materials
NIR,Technology
NIRWW,Technology
NISN,Industrials
NIU,Consumer Discretionary
NKLA,Consumer Discretionary
NKSH,Finance
NKTR,Health Care
NKTX,Health Care
NLSP,Health Care
NLSPW,Health Care
NLTX,Health Care
NMFC,Finance
NMIH,Finance
NMRA,
NMRD,Health Care
NMRK,Finance
NMTC,Health Care
NN,Industrials
NNAGU,
NNAVW,Industrials
NNBR,Industrials
NNDM,Technology
NNOX,Health Care
NODK,Finance
NOGN,Technology
NOGNW,Technology
NOTV,Health Care
NOVT,
NOVV,Finance
NOVVR,Finance
NOVVW,Finance
NPAB,Finance
NPABW,Finance
NPCE,Health Care
NRAC,Finance
NRACW,Finance
NRBO,Health Care
NRC,Health Care
NRDS,Technology
NRIM,Finance
NRIX,Health Care
NRSN,Health Care
NRSNW,Health Care
NRXP,Health Care
NRXPW,Health Care
NSIT,Consumer Discretionary
NSPR,Health Care
NSSC,Telecommunications
NSTG,Health Care
NSTS,Finance
NSYS,Technology
NTAP,Technology
NTCT,Technology
NTES,Technology
NTGR,Utilities
NTIC,Industrials
NTLA,Health Care
NTNX,Technology
NTRA,Health Care
NTRB,Health Care
NTRS,Finance
NTRSO,Finance
NTWK,Technology
NUBI,Finance
NUBIU,Finance
NUBIW,Finance
NURO,Health Care
NUTX,Technology
NUVL,Health Care
NUWE,Health Care
NUZE,Consumer Discretionary
NVAC,Health Care
NVAX,Health Care
NVCR,Health Care
NVCT,Health Care
NVDA,Technology
NVEC,Technology
NVEE,Consumer Discretionary
NVEI,
NVFY,Consumer Discretionary
NVIV,Health Care
NVMI,Technology
NVNO,Health Care
NVOS,Industrials
NVTS,Technology
NVVE,Energy
NVVEW,Energy
NVX,Miscellaneous
NWBI,Finance
NWE,Utilities
NWFL,Finance
NWGL,
NWL,Industrials
NWLI,Finance
NWPX,Industrials
NWS,Consumer Discretionary
NWSA,Consumer Discretionary
NWTN,Consumer Discretionary
NWTNW,Consumer Discretionary
NXGL,Health Care
NXGLW,Health Care
NXGN,Technology
NXL,Health Care
NXLIW,Health Care
NXPI,Technology
NXPL,Telecommunications
NXPLW,Telecommunications
NXST,Industrials
NXT,Technology
NXTC,Health Care
NXTP,Finance
NXU,Consumer Discretionary
NYAX,
NYMT,Real Estate
NYMTL,Real Estate
NYMTM,Real Estate
NYMTN,Real Estate
NYMTZ,Real Estate
NYXH,Health Care
OABI,Health Care
OABIW,
OAKU,Finance
OB,Industrials
OBIO,Health Care
OBLG,Technology
OBT,Finance
OCAX,Finance
OCAXW,Finance
OCC,Industrials
OCCI,Finance
OCCIN,Finance
OCCIO,Finance
OCEA,Health Care
OCEAW,Health Care
OCFC,Finance
OCFCP,Finance
OCG,Consumer Discretionary
OCGN,Health Care
OCS,Health Care
OCSAW,Health Care
OCSL,Finance
OCTO,
OCUL,Health Care
OCUP,Health Care
OCX,Health Care
ODD,
ODFL,Industrials
ODP,Consumer Discretionary
ODVWW,Basic Materials
OESX,Consumer Discretionary
OFIX,Health Care
OFLX,Industrials
OFS,Finance
OFSSH,Finance
OGI,Health Care
OHAA,Finance
OHAAW,Finance
OKTA,Technology
OKYO,Health Care
OLB,Technology
OLED,Technology
OLIT,Finance
OLITW,Finance
OLK,Industrials
OLLI,Consumer Discretionary
OLMA,Health Care
OLPX,Consumer Discretionary
OM,Health Care
OMAB,Consumer Discretionary
OMCL,Technology
OMER,Health Care
OMEX,Consumer Discretionary
OMGA,Health Care
OMH,Finance
OMIC,Health Care
OMQS,Technology
ON,Technology
ONB,Finance
ONBPO,Finance
ONBPP,Finance
ONCT,Health Care
ONCY,Health Care
ONDS,Technology
ONEW,Consumer Discretionary
ONFO,Technology
ONFOW,Technology
ONTX,Health Care
ONVO,Health Care
ONYX,Finance
ONYXW,Finance
OP,
OPAL,Utilities
OPBK,Finance
OPCH,Health Care
OPEN,Finance
OPGN,Health Care
OPHC,Finance
OPI,Finance
OPINL,Finance
OPK,Health Care
OPOF,Finance
OPRA,Technology
OPRT,Finance
OPRX,Consumer Discretionary
OPT,Health Care
OPTN,Health Care
OPXS,Technology
ORGN,Industrials
ORGNW,Industrials
ORGO,Health Care
ORGS,Health Care
ORIC,Health Care
ORLY,Consumer Discretionary
ORMP,Health Care
ORRF,Finance
ORTX,Health Care
OSA,Health Care
OSAAW,Health Care
OSBC,Finance
OSIS,Technology
OSPN,Technology
OSS,Technology
OST,Technology
OSTK,Consumer Discretionary
OSUR,Health Care
OSW,Consumer Discretionary
OTEC,Finance
OTECW,Finance
OTEX,
OTLK,Health Care
OTLY,Consumer Staples
OTMO,Technology
OTMOW,Technology
OTRK,Health Care
OTRKP,Health Care
OTTR,Utilities
OVBC,Finance
OVID,Health Care
OVLY,Finance
OXBR,Finance
OXBRW,Finance
OXLC,Finance
OXLCL,Finance
OXLCM,Finance
OXLCN,Finance
OXLCO,Finance
OXLCP,Finance
OXLCZ,Finance
OXSQ,Finance
OXSQL,Consumer Discretionary
OXSQZ,Finance
OXUS,Finance
OXUSW,Finance
OZK,Finance
OZKAP,Finance
PAA,Energy
PACB,Industrials
PACW,Finance
PACWP,Finance
PAGP,Energy
PAHC,Health Care
PALI,Health Care
PALT,Consumer Discretionary
PANL,Consumer Discretionary
PANW,Technology
PARA,Industrials
PARAA,Industrials
PARAP,Industrials
PASG,Health Care
PATI,Industrials
PATK,Consumer Discretionary
PAVM,Health Care
PAVMZ,Health Care
PAVS,Health Care
PAX,Finance
PAYO,Technology
PAYOW,Technology
PAYS,Technology
PAYX,Consumer Discretionary
PBBK,Finance
PBFS,Finance
PBHC,Finance
PBLA,Health Care
PBPB,Consumer Discretionary
PBTS,Technology
PBYI,Health Care
PCAR,Consumer Discretionary
PCB,Finance
PCCTW,Finance
PCH,Real Estate
PCRX,Health Care
PCSA,Health Care
PCT,Utilities
PCTI,Technology
PCTTW,Utilities
PCTY,Technology
PCVX,Health Care
PCYG,Technology
PCYO,Utilities
PDCO,Health Care
PDD,Consumer Discretionary
PDEX,Health Care
PDFS,Technology
PDLB,
PDSB,Health Care
PEBK,Finance
PEBO,Finance
PECO,Real Estate
PEGA,Technology
PEGR,Finance
PEGY,Industrials
PENN,Consumer Discretionary
PEP,Consumer Staples
PEPG,Health Care
PEPL,Finance
PEPLW,Finance
PERI,Technology
PESI,Industrials
PET,Technology
PETQ,Health Care
PETS,Consumer Staples
PETV,Health Care
PETVW,Health Care
PETWW,Technology
PETZ,Industrials
PEV,Consumer Discretionary
PFBC,Finance
PFC,Finance
PFG,Finance
PFIE,Industrials
PFIN,Industrials
PFIS,Finance
PFMT,Consumer Discretionary
PFSW,Consumer Discretionary
PFTA,Finance
PFTAU,Finance
PFTAW,Finance
PFX,Finance
PFXNZ,Finance
PGC,Finance
PGEN,Health Care
PGNY,Health Care
PGY,Finance
PGYWW,Finance
PHAR,Health Care
PHAT,Health Care
PHIO,Health Care
PHUN,Technology
PHUNW,Technology
PHVS,Health Care
PHXM,Health Care
PI,Technology
PIII,Health Care
PIIIW,Health Care
PIK,Consumer Discretionary
PINC,Consumer Discretionary
PIRS,Health Care
PIXY,Consumer Discretionary
PKBK,Finance
PKOH,Industrials
PLAB,Technology
PLAO,Finance
PLAOU,Finance
PLAY,Consumer Discretionary
PLBC,Finance
PLBY,Consumer Discretionary
PLCE,Consumer Discretionary
PLL,Basic Materials
PLMI,Finance
PLMIW,Finance
PLMR,Finance
PLPC,Industrials
PLRX,Health Care
PLSE,Health Care
PLTK,Technology
PLTN,Finance
PLTNR,Finance
PLTNW,Finance
PLUG,Energy
PLUR,Health Care
PLUS,Technology
PLXS,Technology
PLYA,Consumer Discretionary
PMCB,Health Care
PMD,Health Care
PMGM,Finance
PMGMU,Health Care
PMGMW,Finance
PMN,Health Care
PMTS,Finance
PMVP,Health Care
PNBK,Finance
PNFP,Finance
PNFPP,Finance
PNRG,Energy
PNT,Health Care
PNTG,Health Care
POAI,Health Care
POCI,Health Care
PODC,
PODD,Health Care
POET,Technology
POLA,Miscellaneous
POOL,Consumer Discretionary
POWI,Technology
POWL,Energy
POWW,Industrials
POWWP,Industrials
PPBI,Finance
PPBT,Health Care
PPC,Consumer Staples
PPHP,Finance
PPHPR,Finance
PPHPW,Finance
PPIH,Industrials
PPSI,Industrials
PPTA,
PPYA,Finance
PRAA,Finance
PRAX,Health Care
PRCH,Technology
PRCT,Health Care
PRDO,Consumer Discretionary
PRE,Industrials
PRENW,Industrials
PRFT,Technology
PRFX,Health Care
PRGS,Technology
PRLD,Health Care
PRLH,Finance
PRME,Health Care
PROC,Health Care
PROCW,Health Care
PROF,Health Care
PROK,Health Care
PROV,Finance
PRPH,Health Care
PRPL,Consumer Discretionary
PRPO,Industrials
PRQR,Health Care
PRSO,Technology
PRSR,Finance
PRSRU,Finance
PRSRW,Finance
PRST,Technology
PRSTW,Technology
PRTA,Health Care
PRTC,Health Care
PRTG,Energy
PRTH,Consumer Discretionary
PRTS,Consumer Discretionary
PRVA,Technology
PRZO,
PSEC,Finance
PSHG,Consumer Discretionary
PSMT,Consumer Discretionary
PSNL,Health Care
PSNY,Consumer Discretionary
PSNYW,Consumer Discretionary
PSTV,Health Care
PSTX,Health Care
PT,Technology
PTC,Technology
PTCT,Health Care
PTEN,Energy
PTGX,Health Care
PTHR,Finance
PTHRU,Finance
PTIX,Health Care
PTIXW,Health Care
PTLO,Consumer Discretionary
PTMN,Finance
PTON,Consumer Discretionary
PTPI,Health Care
PTRS,Finance
PTSI,Industrials
PTVE,Consumer Discretionary
PTWO,Finance
PTWOW,Finance
PUBM,Technology
PUCKW,Finance
PULM,Health Care
PUYI,Finance
PVBC,Finance
PWFL,Telecommunications
PWM,
PWOD,Finance
PWP,Finance
PWUP,Finance
PWUPW,Finance
PXDT,
PXLW,Technology
PXMD,Health Care
PXS,Consumer Discretionary
PXSAP,Consumer Discretionary
PXSAW,Consumer Discretionary
PYCR,Technology
PYPD,Health Care
PYPL,Consumer Discretionary
PYR,Health Care
PYXS,Health Care
PZZA,Consumer Discretionary
QCOM,Technology
QCRH,Finance
QDEL,Health Care
QDRO,Finance
QDROW,Finance
QFIN,Finance
QH,Consumer Discretionary
QIPT,Health Care
QLGN,Health Care
QLI,Health Care
QLYS,Technology
QMCO,Technology
QNCX,Health Care
QNRX,Health Care
QNST,Consumer Discretionary
QOMO,Finance
QOMOR,Finance
QOMOW,Finance
QQQX,Finance
QRHC,Utilities
QRTEA,Consumer Discretionary
QRTEB,Consumer Discretionary
QRTEP,Consumer Discretionary
QRVO,Technology
QSG,Consumer Discretionary
QSI,Health Care
QSIAW,Health Care
QTRX,Industrials
QUBT,Technology
QUIK,Technology
QURE,Health Care
RAIL,Industrials
RAIN,Health Care
RAND,Finance
RANI,Health Care
RAPT,Health Care
RARE,Health Care
RAVE,Consumer Discretionary
RAYA,Consumer Discretionary
RBB,Finance
RBBN,Technology
RBCAA,Finance
RBKB,Finance
RCAC,Finance
RCACU,Finance
RCACW,Finance
RCAT,Industrials
RCEL,Health Care
RCKT,Health Care
RCKTW,Health Care
RCKY,Consumer Discretionary
RCM,Consumer Discretionary
RCMT,Consumer Discretionary
RCON,Energy
RCRT,Technology
RCRTW,Technology
RDCM,Technology
RDFN,Finance
RDHL,Health Care
RDI,Consumer Discretionary
RDIB,Consumer Discretionary
RDNT,Health Care
RDUS,Consumer Discretionary
RDVT,Technology
RDWR,Technology
RDZN,Finance
RDZNW,Finance
REAL,Consumer Discretionary
REAX,Finance
REBN,Consumer Discretionary
REE,Consumer Discretionary
REFI,Real Estate
REFR,Technology
REG,Real Estate
REGCO,
REGCP,
REGN,Health Care
REKR,Telecommunications
RELI,Finance
RELIW,Finance
RELL,Technology
RELY,Technology
RENB,Health Care
RENE,Finance
RENT,Consumer Discretionary
REPL,Health Care
RETA,Health Care
RETO,Consumer Discretionary
REVB,Health Care
REVBW,Health Care
REYN,Industrials
RFAC,Finance
RFACW,Finance
RFIL,Technology
RGC,Health Care
RGCO,Utilities
RGEN,Health Care
RGF,Consumer Staples
RGLD,Industrials
RGLS,Health Care
RGNX,Health Care
RGP,Consumer Discretionary
RGTI,Technology
RGTIW,Technology
RIBT,Consumer Staples
RICK,Consumer Discretionary
RIGL,Health Care
RILY,Finance
RILYG,Finance
RILYK,Finance
RILYL,Finance
RILYM,Finance
RILYN,Finance
RILYO,Finance
RILYP,Finance
RILYT,Finance
RILYZ,Finance
RIOT,Technology
RIVN,Consumer Discretionary
RKDA,Industrials
RKLB,Industrials
RLAY,Health Care
RLMD,Health Care
RLYB,Health Care
RMBI,
RMBL,Technology
RMBS,Technology
RMCF,Consumer Staples
RMGCW,Finance
RMNI,Consumer Discretionary
RMR,Finance
RMTI,Health Care
RNA,Health Care
RNAZ,Health Care
RNLX,Health Care
RNST,Finance
RNW,Utilities
RNWWW,Industrials
RNXT,Health Care
ROAD,Industrials
ROCK,Industrials
ROCL,Finance
ROCLW,Finance
ROIC,Real Estate
ROIV,Health Care
ROKU,Telecommunications
ROOT,Finance
ROP,Industrials
ROSE,Finance
ROSEW,Finance
ROST,Consumer Discretionary
ROVR,Consumer Discretionary
RPAY,Consumer Discretionary
RPD,Technology
RPHM,Health Care
RPID,Health Care
RPRX,Health Care
RPTX,Health Care
RRBI,Consumer Discretionary
RRGB,Consumer Discretionary
RRR,Consumer Discretionary
RSLS,Health Care
RSSS,Consumer Discretionary
RSVR,Consumer Discretionary
RSVRW,Consumer Discretionary
RTC,Industrials
RUM,Technology
RUMBW,Technology
RUN,Miscellaneous
RUSHA,Consumer Discretionary
RUSHB,Consumer Discretionary
RVLP,Health Care
RVMD,Health Care
RVNC,Health Care
RVPH,Health Care
RVPHW,Health Care
RVSB,Finance
RVSN,
RVSNW,
RVYL,Consumer Discretionary
RWAY,
RWAYL,
RWAYZ,
RWLK,Health Care
RWOD,Finance
RWODR,Finance
RWODU,Finance
RXRX,Health Care
RXST,Health Care
RXT,Technology
RYAAY,Consumer Discretionary
RYTM,Health Care
RYZB,
RZLT,Health Care
SABR,Technology
SABS,Health Care
SABSW,Health Care
SAFT,Finance
SAGA,Finance
SAGE,Health Care
SAI,Technology
SAIA,Industrials
SAITW,Technology
SALM,Consumer Discretionary
SAMA,Finance
SAMAU,Finance
SAMAW,Finance
SAMG,Finance
SANA,Health Care
SANG,Technology
SANM,Technology
SANW,Consumer Staples
SASI,Technology
SASR,Finance
SATL,Technology
SATLW,Technology
SATS,Consumer Discretionary
SAVA,Health Care
SBAC,Real Estate
SBCF,Finance
SBET,Technology
SBFG,Finance
SBFM,Health Care
SBFMW,Health Care
SBGI,Industrials
SBLK,Consumer Discretionary
SBRA,Real Estate
SBSI,Finance
SBT,Finance
SBUX,Consumer Discretionary
SCHL,Consumer Discretionary
SCKT,Technology
SCLX,Health Care
SCLXW,Health Care
SCNI,Health Care
SCOR,Consumer Discretionary
SCPH,Health Care
SCPL,Technology
SCRM,Finance
SCRMW,Finance
SCSC,Technology
SCTL,Health Care
SCVL,Consumer Discretionary
SCWO,Consumer Discretionary
SCWX,Technology
SCYX,Health Care
SDA,Finance
SDAWW,Finance
SDC,Health Care
SDGR,Health Care
SDIG,Finance
SDOT,Consumer Discretionary
SEAT,Industrials
SEATW,Industrials
SECO,Miscellaneous
SEDG,Technology
SEED,Consumer Staples
SEEL,Health Care
SEER,Health Care
SEIC,Finance
SELB,Health Care
SELF,Real Estate
SENEA,Consumer Staples
SENEB,Consumer Staples
SEPA,Finance
SEPAW,Finance
SERA,Health Care
SEVN,Real Estate
SEZL,Finance
SFBC,Finance
SFE,Finance
SFIX,Consumer Discretionary
SFM,Consumer Staples
SFNC,Finance
SFR,Finance
SFRWW,
SFST,Finance
SFT,Miscellaneous
SFWL,Industrials
SGA,Consumer Discretionary
SGBX,Industrials
SGBXV,Consumer Discretionary
SGC,Consumer Discretionary
SGDVV,
SGEN,Health Care
SGH,Technology
SGHT,Health Care
SGII,Finance
SGIIU,Finance
SGIIW,Finance
SGLY,
SGMA,Technology
SGML,Industrials
SGMO,Health Care
SGMT,
SGRP,Consumer Discretionary
SGRY,Health Care
SHBI,Finance
SHC,Health Care
SHCR,Technology
SHCRW,Technology
SHEN,Telecommunications
SHFS,Finance
SHFSW,Finance
SHIP,
SHLS,Technology
SHLT,Consumer Discretionary
SHOO,Consumer Discretionary
SHOT,Health Care
SHOTW,Health Care
SHPH,Health Care
SHPW,Consumer Discretionary
SHPWW,Consumer Discretionary
SHUA,Finance
SHYF,Consumer Discretionary
SIBN,Health Care
SIDU,Telecommunications
SIEB,Finance
SIEN,Health Care
SIFY,Technology
SIGA,Health Care
SIGI,Finance
SIGIP,Finance
SILC,Technology
SILK,Health Care
SILO,Consumer Discretionary
SIMO,Technology
SINT,Health Care
SIRI,Consumer Discretionary
SISI,Health Care
SITM,Technology
SJ,Technology
SKGR,Finance
SKGRU,Finance
SKGRW,Finance
SKIN,Consumer Discretionary
SKWD,Finance
SKYT,Technology
SKYW,Consumer Discretionary
SKYX,Consumer Discretionary
SLAB,Technology
SLAC,Finance
SLACU,Finance
SLACW,Finance
SLAM,Finance
SLAMU,Finance
SLAMW,Finance
SLDB,Health Care
SLDP,Energy
SLDPW,Energy
SLE,Consumer Discretionary
SLGC,Health Care
SLGCW,Health Care
SLGL,Health Care
SLM,Finance
SLMBP,Finance
SLN,Health Care
SLNA,Finance
SLNAW,Finance
SLNG,Utilities
SLNH,Technology
SLNHP,Technology
SLNO,Health Care
SLP,Technology
SLRC,Finance
SLRN,Health Care
SLRX,Health Care
SLS,Health Care
SLVR,Finance
SLVRU,Finance
SLVRW,Finance
SMAP,Finance
SMAPW,Finance
SMBC,Finance
SMBK,Finance
SMCI,Technology
SMFL,Health Care
SMID,Industrials
SMLR,Health Care
SMMF,Finance
SMMT,Health Care
SMPL,Consumer Staples
SMSI,Technology
SMTC,Technology
SMTI,Health Care
SMX,Technology
SMXWW,Finance
SNAL,Technology
SNAX,Consumer Staples
SNAXW,Consumer Staples
SNBR,Consumer Discretionary
SNCE,Technology
SNCR,Technology
SNCRL,Technology
SNCY,Consumer Discretionary
SND,Industrials
SNDL,Health Care
SNDX,Health Care
SNES,Industrials
SNEX,Finance
SNFCA,Finance
SNGX,Health Care
SNOA,Health Care
SNPO,Consumer Discretionary
SNPS,Technology
SNPX,Health Care
SNSE,Health Care
SNT,Telecommunications
SNTG,Finance
SNTI,Health Care
SNY,Health Care
SOBR,Consumer Discretionary
SOFI,Finance
SOFO,Technology
SOHO,Real Estate
SOHOB,Real Estate
SOHON,Real Estate
SOHOO,Real Estate
SOHU,Technology
SOLO,Consumer Discretionary
SOND,Consumer Discretionary
SONDW,Consumer Discretionary
SONM,Telecommunications
SONN,Health Care
SONO,Consumer Discretionary
SOPA,Technology
SOPH,Health Care
SOTK,Industrials
SOUN,Technology
SOUNW,Technology
SOVO,Consumer Staples
SP,Consumer Discretionary
SPCB,Technology
SPFI,Finance
SPGC,
SPI,Technology
SPLK,Technology
SPNS,Technology
SPOK,Technology
SPPL,
SPRB,Health Care
SPRC,Health Care
SPRO,Health Care
SPRY,Health Care
SPSC,Technology
SPT,Technology
SPTN,Consumer Discretionary
SPWH,Consumer Discretionary
SPWR,Technology
SQFT,Real Estate
SQFTP,Real Estate
SQFTW,Real Estate
SQL,Health Care
SQLLW,Health Care
SRAD,Technology
SRBK,
SRCE,Finance
SRCL,Industrials
SRDX,Health Care
SRM,
SRPT,Health Care
SRRK,Health Care
SRTS,Health Care
SRZN,Health Care
SRZNW,Health Care
SSB,Finance
SSBI,Finance
SSBK,Finance
SSIC,Health Care
SSKN,Health Care
SSNC,Technology
SSNT,Technology
SSP,Industrials
SSRM,Industrials
SSSS,Finance
SSSSL,Finance
SSTI,Technology
SSYS,Technology
STAA,Health Care
STAF,Consumer Discretionary
STBA,Finance
STBX,Consumer Discretionary
STCN,Consumer Discretionary
STEP,Finance
STER,Technology
STGW,Consumer Discretionary
STHO,Real Estate
STIM,Health Care
STIX,Technology
STIXW,Technology
STKH,Consumer Staples
STKL,Basic Materials
STKS,Consumer Discretionary
STLD,Industrials
STNE,Technology
STOK,Health Care
STRA,Consumer Discretionary
STRC,Industrials
STRCW,Industrials
STRL,Industrials
STRM,Technology
STRO,Health Care
STRR,Health Care
STRRP,Health Care
STRS,Real Estate
STRT,Consumer Discretionary
STSS,Health Care
STSSW,Finance
STTK,Health Care
STX,Technology
SUNW,Miscellaneous
SUPN,Health Care
SURG,Consumer Discretionary
SURGW,Consumer Discretionary
SVC,Real Estate
SVFD,Consumer Staples
SVII,Finance
SVIIU,Finance
SVIIW,Finance
SVRA,Health Care
SVRE,
SVREW,
SVVC,Finance
SWAG,Consumer Discretionary
SWAGW,Consumer Discretionary
SWAV,Health Care
SWBI,Industrials
SWIM,Industrials
SWIN,
SWKH,Finance
SWKS,Technology
SWSS,Finance
SWSSW,Finance
SWTX,Health Care
SWVL,Technology
SWVLW,Technology
SXTC,Health Care
SXTP,Health Care
SXTPW,Health Care
SY,Technology
SYBT,Finance
SYBX,Health Care
SYM,Industrials
SYNA,Technology
SYNH,Health Care
SYPR,Industrials
SYRS,Health Care
SYT,Finance
SYTA,Telecommunications
SYTAW,Industrials
SZZL,Finance
SZZLW,Finance
TACT,Technology
TAIT,Technology
TALK,Health Care
TALKW,Health Care
TALS,Health Care
TANH,
TAOP,Technology
TARA,Health Care
TARS,Health Care
TASK,Technology
TAST,Consumer Discretionary
TATT,Industrials
TAYD,Industrials
TBBK,Finance
TBCP,Finance
TBCPU,Finance
TBCPW,Finance
TBIO,Health Care
TBLA,Technology
TBLAW,Technology
TBLD,Finance
TBLT,Consumer Discretionary
TBLTW,Consumer Discretionary
TBMC,Finance
TBMCR,Finance
TBNK,Finance
TBPH,Health Care
TC,Consumer Discretionary
TCBC,Finance
TCBI,Finance
TCBIO,Finance
TCBK,Finance
TCBP,Health Care
TCBS,Finance
TCBX,Finance
TCJH,Consumer Discretionary
TCMD,Health Care
TCOM,Consumer Discretionary
TCON,Health Care
TCPC,Finance
TCRT,Health Care
TCRX,Health Care
TCX,Technology
TDUP,Consumer Discretionary
TEAM,Technology
TECH,Health Care
TECTP,Finance
TEDU,Consumer Discretionary
TELA,Health Care
TENB,Technology
TENK,Finance
TENKR,Finance
TENX,Health Care
TER,Industrials
TERN,Health Care
TETE,Finance
TETEW,Finance
TFFP,Health Care
TFIN,Finance
TFINP,Finance
TFSL,Finance
TGAA,Finance
TGAAU,Finance
TGAAW,Finance
TGAN,Technology
TGL,Technology
TGTX,Health Care
TGVCW,Finance
TH,Consumer Discretionary
THCH,Finance
THCP,Industrials
THCPW,Industrials
THFF,Finance
THMO,Industrials
THRD,Health Care
THRM,Consumer Discretionary
THRN,Health Care
THRX,Health Care
THRY,Industrials
THTX,Health Care
THWWW,Energy
TIGO,Telecommunications
TIGR,Finance
TIL,Health Care
TILE,Consumer Discretionary
TIO,Finance
TIPT,Finance
TIRX,Finance
TITN,Consumer Discretionary
TIVC,Health Care
TKLF,Consumer Discretionary
TKNO,Health Care
TLF,Consumer Discretionary
TLGY,Finance
TLGYW,Finance
TLIS,Health Care
TLRY,Health Care
TLS,Technology
TLSA,Health Care
TLSI,Health Care
TLSIW,Health Care
TMC,Basic Materials
TMCI,Health Care
TMCWW,Basic Materials
TMDX,Health Care
TMPO,Technology
TMPOW,Technology
TMTC,Finance
TMTCR,Finance
TMUS,Telecommunications
TNDM,Health Care
TNGX,Health Care
TNON,Health Care
TNONW,Health Care
TNXP,Health Care
TNYA,Health Care
TOI,Health Care
TOIIW,Health Care
TOMZ,Finance
TOP,Finance
TOPS,Consumer Discretionary
TORO,Consumer Discretionary
TOUR,Consumer Discretionary
TOWN,Finance
TPCS,Industrials
TPG,Finance
TPIC,Industrials
TPST,Health Care
TRDA,Health Care
TREE,Finance
TRHC,Consumer Discretionary
TRIB,Health Care
TRIN,Finance
TRINL,Finance
TRIP,Technology
TRKA,Consumer Discretionary
TRKAW,Consumer Discretionary
TRMB,Industrials
TRMD,Consumer Discretionary
TRMK,Finance
TRMR,Technology
TRNR,Technology
TRNS,Industrials
TRON,Finance
TRONW,Finance
TROO,Technology
TROW,Finance
TRS,Industrials
TRST,Finance
TRUE,Technology
TRUP,Health Care
TRVG,Technology
TRVI,Health Care
TRVN,Health Care
TSAT,Industrials
TSBK,Finance
TSBX,
TSCO,Consumer Discretionary
TSEM,Technology
TSHA,Health Care
TSLA,Consumer Discretionary
TSP,Industrials
TSRI,Technology
TSVT,Health Care
TTD,Technology
TTEC,Consumer Discretionary
TTEK,Consumer Discretionary
TTGT,Telecommunications
TTMI,Technology
TTNP,Health Care
TTOO,Health Care
TTSH,Finance
TTWO,Technology
TURB,
TURN,Finance
TUSK,Energy
TVTX,Health Care
TW,Finance
TWIN,Industrials
TWKS,Technology
TWLV,Finance
TWLVW,Finance
TWNK,Consumer Staples
TWOU,Technology
TWST,Health Care
TXG,Industrials
TXMD,Health Care
TXN,Technology
TXRH,Consumer Discretionary
TYGO,Technology
TYRA,Health Care
TZOO,Consumer Discretionary
UAL,Consumer Discretionary
UBCP,Finance
UBFO,Finance
UBSI,Finance
UBX,Health Care
UCAR,Consumer Discretionary
UCBI,Finance
UCBIO,Finance
UCL,Consumer Discretionary
UCTT,Technology
UDMY,Consumer Discretionary
UEIC,Consumer Staples
UFCS,Finance
UFPI,Basic Materials
UFPT,Health Care
UG,Consumer Discretionary
UGRO,Consumer Discretionary
UHG,Consumer Discretionary
UHGWW,Consumer Discretionary
UK,Consumer Discretionary
UKOMW,Consumer Discretionary
ULBI,Miscellaneous
ULCC,Consumer Discretionary
ULH,Industrials
ULTA,Consumer Discretionary
UMBF,Finance
UNB,Finance
UNCY,Health Care
UNIT,Real Estate
UNTY,Finance
UONE,Consumer Discretionary
UONEK,Consumer Discretionary
UPBD,Consumer Discretionary
UPC,Health Care
UPLD,Technology
UPST,Finance
UPTD,Health Care
UPTDU,Health Care
UPTDW,Health Care
UPWK,Technology
UPXI,Health Care
URBN,Consumer Discretionary
URGN,Health Care
UROY,
USAP,Industrials
USAU,Basic Materials
USCB,Finance
USCT,Finance
USCTW,Finance
USEA,Consumer Discretionary
USEG,Energy
USGO,Basic Materials
USGOW,Basic Materials
USIO,Finance
USLM,Industrials
UTHR,Health Care
UTMD,Health Care
UTRS,Technology
UTSI,Telecommunications
UVSP,Finance
UXIN,Consumer Discretionary
VABK,Finance
VACC,Health Care
VALN,Health Care
VALU,Finance
VANI,Health Care
VAQC,Finance
VAXX,Health Care
VBFC,Finance
VBIV,Health Care
VBLT,Health Care
VBNK,Finance
VBTX,Finance
VC,Consumer Discretionary
VCEL,Health Care
VCIG,Consumer Discretionary
VCNX,Health Care
VCSA,Technology
VCTR,Finance
VCXA,Finance
VCXAU,Finance
VCXAW,Finance
VCYT,Health Care
VECO,Technology
VEDU,
VEEE,Industrials
VEON,Telecommunications
VERA,Health Care
VERB,Technology
VERBW,Technology
VERI,Technology
VERO,Health Care
VERU,Health Care
VERV,Health Care
VERX,Technology
VERY,Finance
VEV,Consumer Discretionary
VFF,
VFS,Finance
VFSWW,
VGAS,Industrials
VIA,Utilities
VIASP,Utilities
VIAV,Technology
VICR,Technology
VIEW,Consumer Discretionary
VIEWW,Consumer Discretionary
VIGL,Health Care
VII,Finance
VIIAU,Finance
VIIAW,Finance
VINC,Health Care
VINO,Real Estate
VINP,Finance
VIOT,Consumer Discretionary
VIR,Health Care
VIRC,Consumer Discretionary
VIRI,Health Care
VIRT,Finance
VIRX,Health Care
VISL,Telecommunications
VITL,Consumer Staples
VIVK,Energy
VJET,Industrials
VKTX,Health Care
VLCN,Consumer Discretionary
VLGEA,Consumer Staples
VLY,Finance
VLYPO,Finance
VLYPP,Finance
VMAR,Industrials
VMCA,Finance
VMCAW,Finance
VMD,
VMEO,Technology
VNDA,Health Care
VNET,Technology
VNOM,Energy
VOD,Telecommunications
VOR,Health Care
VOXR,Basic Materials
VOXX,Technology
VQS,
VRA,Consumer Discretionary
VRAR,Technology
VRAX,Health Care
VRCA,Health Care
VRDN,Health Care
VREX,Technology
VRM,Consumer Discretionary
VRME,Technology
VRMEW,Technology
VRNA,Health Care
VRNS,Technology
VRNT,Technology
VRPX,Health Care
VRRM,Consumer Discretionary
VRSK,Consumer Discretionary
VRSN,Technology
VRTS,Finance
VRTX,Technology
VS,Technology
VSAC,Finance
VSACU,Finance
VSACW,Finance
VSAT,Technology
VSEC,Consumer Discretionary
VSSYW,Technology
VSTA,Consumer Discretionary
VSTM,Health Care
VTGN,Health Care
VTNR,Energy
VTRS,Health Care
VTRU,Consumer Discretionary
VTSI,Consumer Discretionary
VTVT,Health Care
VTYX,Health Care
VUZI,Technology
VVOS,Health Care
VVPR,Utilities
VWE,Consumer Staples
VWEWW,Consumer Staples
VXRT,Health Care
VYGR,Health Care
VYNE,Health Care
WABC,Finance
WAFD,Finance
WAFDP,Finance
WAFU,Consumer Discretionary
WALD,Consumer Discretionary
WALDW,Consumer Discretionary
WASH,Finance
WATT,Technology
WAVD,Technology
WAVE,Utilities
WAVS,Technology
WAVSU,Technology
WAVSW,Technology
WB,Technology
WBA,Consumer Staples
WBD,Telecommunications
WDAY,Technology
WDC,Technology
WDFC,Industrials
WEN,Consumer Discretionary
WERN,Industrials
WEST,Consumer Staples
WESTW,Consumer Staples
WETG,Technology
WEYS,Consumer Staples
WFCF,Technology
WFRD,Industrials
WGS,Technology
WGSWW,Technology
WHF,Finance
WHFCL,
WHLM,Consumer Discretionary
WHLR,Real Estate
WHLRD,Real Estate
WHLRP,Real Estate
WILC,Consumer Discretionary
WIMI,Technology
WINA,Consumer Discretionary
WING,Consumer Discretionary
WINT,Health Care
WINV,Finance
WINVR,Finance
WIRE,Industrials
WISA,Technology
WISH,Consumer Discretionary
WIX,Technology
WKEY,Technology
WKHS,Consumer Discretionary
WKME,Technology
WKSP,Consumer Discretionary
WKSPW,Consumer Discretionary
WLDN,Consumer Discretionary
WLDS,Telecommunications
WLDSW,Telecommunications
WLFC,Consumer Discretionary
WLGS,Consumer Discretionary
WMG,Consumer Discretionary
WMPN,Finance
WNEB,Finance
WNW,Consumer Discretionary
WOOF,Consumer Discretionary
WORX,Consumer Discretionary
WPRT,Consumer Discretionary
WRAP,Industrials
WRLD,Finance
WRNT,
WSBC,Finance
WSBCP,Finance
WSBF,Finance
WSC,
WSFS,Finance
WTBA,Finance
WTER,Consumer Staples
WTFC,Finance
WTFCM,Finance
WTFCP,Finance
WTMA,Miscellaneous
WTMAR,Miscellaneous
WTO,Technology
WTW,Finance
WULF,Technology
WVE,Health Care
WVVI,Consumer Staples
WVVIP,Consumer Staples
WW,Consumer Discretionary
WWAC,Finance
WWACW,Finance
WWD,Energy
WYNN,Consumer Discretionary
XAIR,Health Care
XBIO,Health Care
XBIOW,Health Care
XBIT,Health Care
XCUR,Health Care
XEL,Utilities
XELA,Consumer Discretionary
XELAP,Consumer Discretionary
XELB,Miscellaneous
XENE,Health Care
XERS,Health Care
XFIN,Finance
XFINU,Finance
XFINW,Finance
XFOR,Health Care
XGN,Health Care
XLO,Health Care
XMTR,Technology
XNCR,Health Care
XNET,Technology
XOMA,Health Care
XOMAO,Health Care
XOMAP,Health Care
XOS,Consumer Discretionary
XOSWW,Consumer Discretionary
XP,Finance
XPDB,Finance
XPDBW,Finance
XPEL,Industrials
XPON,Technology
XRAY,Health Care
XRTX,Health Care
XRX,Technology
XTLB,Health Care
XWEL,Consumer Discretionary
XXII,Health Care
YGF,Consumer Staples
YGMZ,Consumer Discretionary
YI,Consumer Staples
YJ,Consumer Discretionary
YMAB,Health Care
YORW,Utilities
YOSH,Consumer Discretionary
YOTA,Consumer Staples
YOTAW,Consumer Staples
YQ,Consumer Discretionary
YS,Finance
YSBPW,Finance
YTEN,
YTRA,Consumer Discretionary
YY,Technology
Z,Consumer Discretionary
ZAPP,Consumer Discretionary
ZAPPW,Finance
ZBRA,Technology
ZCMD,Consumer Discretionary
ZD,Consumer Discretionary
ZENV,Technology
ZEUS,Industrials
ZFOX,Technology
ZFOXW,Technology
ZG,Consumer Discretionary
ZI,Technology
ZIMV,Health Care
ZION,Finance
ZIONL,Finance
ZIONO,Finance
ZIONP,Finance
ZIVO,Health Care
ZIVOW,Health Care
ZJYL,Consumer Discretionary
ZKIN,Industrials
ZLAB,Health Care
ZLS,Finance
ZLSWW,Finance
ZM,Technology
ZNTL,Health Care
ZS,Technology
ZTEK,
ZUMZ,Consumer Discretionary
ZURA,Health Care
ZURAW,Health Care
ZVRA,Health Care
ZVSA,Health Care
ZYME,Health Care
ZYNE,Health Care
ZYXI,Health Care
