A,Industrials
AA,Industrials
AAC,Industrials
AACT,
AAIC,Real Estate
AAIC^B,
AAIC^C,
AAIN,Real Estate
AAN,Consumer Discretionary
AAP,Consumer Discretionary
AAT,Real Estate
AB,Finance
ABBV,Health Care
ABEV,Consumer Staples
ABG,Consumer Discretionary
ABM,Finance
ABR,Real Estate
ABR^D,
ABR^E,
ABR^F,
ABT,Health Care
AC,Finance
ACA,Industrials
ACCO,Consumer Discretionary
ACEL,Consumer Discretionary
ACHR,Industrials
ACI,Consumer Staples
ACM,Consumer Discretionary
ACN,Consumer Discretionary
ACP,Finance
ACP^A,
ACR,Real Estate
ACR^C,
ACR^D,
ACRE,Real Estate
ACRO,Finance
ACV,Finance
ADC,Real Estate
ADC^A,
ADCT,Health Care
ADM,Consumer Staples
ADNT,Consumer Discretionary
ADT,Consumer Discretionary
ADX,Finance
AEE,Utilities
AEFC,
AEG,Finance
AEL,Finance
AEL^A,
AEL^B,
AEM,Basic Materials
AENZ,Industrials
AEO,Consumer Discretionary
AER,Consumer Discretionary
AES,Utilities
AESC,Utilities
AESI,Industrials
AEVA,Consumer Discretionary
AFB,Finance
AFG,Finance
AFGB,Finance
AFGC,Finance
AFGD,Finance
AFGE,Finance
AFL,Finance
AFT,Finance
AG,
AGCO,Industrials
AGD,Finance
AGI,
AGL,Health Care
AGM,Finance
AGM^C,
AGM^D,
AGM^E,
AGM^F,
AGM^G,
AGO,Finance
AGR,Utilities
AGRO,Consumer Staples
AGS,Consumer Discretionary
AGTI,Health Care
AGX,Consumer Discretionary
AHH,Finance
AHH^A,
AHL^C,
AHL^D,
AHL^E,
AHT,Real Estate
AHT^D,
AHT^F,
AHT^G,
AHT^H,
AHT^I,
AI,Technology
AIC,Real Estate
AIF,Finance
AIG,Finance
AIG^A,
AIN,Consumer Discretionary
AIO,Finance
AIR,Industrials
AIRC,Real Estate
AIT,Consumer Discretionary
AIU,Consumer Discretionary
AIV,Real Estate
AIZ,Finance
AIZN,Finance
AJG,Finance
AJX,Real Estate
AJXA,Real Estate
AKA,Consumer Discretionary
AKO/A,
AKO/B,
AKR,Real Estate
AL,Consumer Discretionary
AL^A,
ALB,Industrials
ALC,Health Care
ALCC,Finance
ALE,Utilities
ALEX,Real Estate
ALG,Industrials
ALIT,Consumer Discretionary
ALK,Consumer Discretionary
ALL,Finance
ALL^B,
ALL^H,
ALL^I,
ALL^J,
ALLE,Consumer Discretionary
ALLG,Consumer Discretionary
ALLY,Finance
ALSN,Consumer Discretionary
ALTG,Industrials
ALTG^A,
ALUR,
ALV,Consumer Discretionary
ALX,Real Estate
AM,Utilities
AMBC,Finance
AMBP,Industrials
AMC,Consumer Discretionary
AMCR,Consumer Discretionary
AME,Industrials
AMG,Finance
AMH,Real Estate
AMH^G,
AMH^H,
AMK,Finance
AMN,Health Care
AMP,Finance
AMPS,Utilities
AMPX,Miscellaneous
AMPY,Energy
AMR,Energy
AMRC,Consumer Discretionary
AMRX,Health Care
AMT,Real Estate
AMTB,Finance
AMTD,
AMWL,Technology
AMX,Telecommunications
AN,Consumer Discretionary
ANET,Telecommunications
ANF,Consumer Discretionary
ANVS,Health Care
AOD,Finance
AOMR,Real Estate
AON,Finance
AORT,Health Care
AOS,Industrials
AP,Industrials
APAM,Finance
APCA,Finance
APD,Industrials
APG,Consumer Discretionary
APGB,Finance
APH,Technology
APLE,Real Estate
APO,Finance
APO^A,
APOS,
APRN,Consumer Discretionary
APTV,Consumer Discretionary
AQN,Utilities
AQNA,Utilities
AQNB,Utilities
AQNU,Utilities
AR,Energy
ARC,Consumer Discretionary
ARCH,Energy
ARCO,Consumer Discretionary
ARDC,Finance
ARE,Real Estate
ARES,Finance
ARGD,Finance
ARGO,Finance
ARGO^A,
ARI,Real Estate
ARIS,Utilities
ARL,Consumer Discretionary
ARLO,Consumer Staples
ARMK,Consumer Discretionary
AROC,Energy
ARR,Real Estate
ARR^C,
ARW,Technology
ASA,Industrials
ASAI,Consumer Staples
ASAN,Technology
ASB,Finance
ASB^E,
ASB^F,
ASBA,Finance
ASC,Consumer Discretionary
ASG,Finance
ASGI,Finance
ASGN,Technology
ASH,Consumer Discretionary
ASIX,Industrials
ASPN,Consumer Discretionary
ASR,Consumer Discretionary
ASX,Technology
ATCO^D,
ATCO^H,
ATCO^I,
ATEN,Technology
ATGE,Consumer Discretionary
ATH^A,
ATH^B,
ATH^C,
ATH^D,
ATH^E,
ATHM,Technology
ATI,Industrials
ATIP,Health Care
ATKR,Miscellaneous
ATMU,Consumer Discretionary
ATO,Utilities
ATR,Industrials
ATS,Industrials
ATUS,Telecommunications
AU,Basic Materials
AUB,Finance
AUB^A,
AVA,Utilities
AVAL,Finance
AVB,Real Estate
AVD,Industrials
AVK,Finance
AVNS,Health Care
AVNT,Industrials
AVTR,Industrials
AVY,Consumer Discretionary
AWF,Finance
AWI,Industrials
AWK,Utilities
AWP,Finance
AWR,Utilities
AX,Finance
AXL,Consumer Discretionary
AXP,Finance
AXR,Real Estate
AXS,Finance
AXS^E,
AXTA,Consumer Discretionary
AYI,Consumer Discretionary
AYX,Technology
AZEK,Industrials
AZO,Consumer Discretionary
AZUL,Consumer Discretionary
AZZ,Industrials
B,Industrials
BA,Industrials
BABA,Consumer Discretionary
BAC,Finance
BAC^B,
BAC^E,
BAC^K,
BAC^L,
BAC^M,
BAC^N,
BAC^O,
BAC^P,
BAC^Q,
BAC^S,
BAH,Consumer Discretionary
BAK,Industrials
BALL,Industrials
BALY,Consumer Discretionary
BAM,Consumer Discretionary
BANC,Finance
BAP,Finance
BARK,Consumer Discretionary
BAX,Health Care
BB,
BBAI,Technology
BBAR,Finance
BBD,Finance
BBDC,Finance
BBDO,Finance
BBN,Finance
BBU,Consumer Discretionary
BBUC,
BBVA,Finance
BBW,Consumer Discretionary
BBWI,Miscellaneous
BBY,Consumer Discretionary
BC,Industrials
BC^A,
BC^B,
BC^C,
BCAT,Finance
BCC,Consumer Discretionary
BCE,
BCH,Finance
BCO,Consumer Discretionary
BCS,Finance
BCSF,Finance
BCX,Finance
BDC,Telecommunications
BDJ,Finance
BDN,Real Estate
BDX,Health Care
BE,Energy
BEDU,Consumer Discretionary
BEKE,Finance
BEN,Finance
BEP,Utilities
BEP^A,
BEPC,Utilities
BEPH,
BEPI,
BERY,Industrials
BEST,Industrials
BF/A,
BF/B,
BFAC,Finance
BFAM,Consumer Discretionary
BFH,Consumer Discretionary
BFK,Finance
BFLY,Health Care
BFS,Real Estate
BFS^D,
BFS^E,
BFZ,Finance
BG,Consumer Staples
BGB,Finance
BGH,Finance
BGR,Finance
BGS,Consumer Staples
BGSF,Consumer Discretionary
BGT,Finance
BGX,Finance
BGY,Finance
BH,Consumer Discretionary
BHC,Health Care
BHE,Technology
BHG,Health Care
BHIL,Consumer Staples
BHK,Finance
BHLB,Finance
BHP,Basic Materials
BHR,Real Estate
BHR^B,
BHR^D,
BHV,Finance
BHVN,Health Care
BIG,Consumer Discretionary
BIGZ,
BILL,Technology
BIO,Industrials
BIO/B,
BIP,Consumer Discretionary
BIP^A,
BIP^B,
BIPC,
BIPH,Utilities
BIPI,
BIT,Finance
BJ,Consumer Discretionary
BK,Finance
BKD,Health Care
BKDT,Health Care
BKE,Consumer Discretionary
BKH,Utilities
BKKT,Technology
BKN,Finance
BKSY,Technology
BKT,Finance
BKU,Finance
BLCO,Health Care
BLD,Consumer Discretionary
BLDR,Consumer Discretionary
BLE,Finance
BLK,Finance
BLND,Technology
BLW,Consumer Discretionary
BLX,Finance
BMA,Finance
BMAC,Finance
BME,Finance
BMEZ,Finance
BMI,Industrials
BML^G,
BML^H,
BML^J,
BML^L,
BMN,Finance
BMO,Finance
BMY,Health Care
BN,Real Estate
BNED,Consumer Discretionary
BNH,Real Estate
BNJ,Real Estate
BNL,Real Estate
BNRE,Finance
BNS,Finance
BNY,Finance
BOAC,Finance
BOC,Finance
BODY,Industrials
BOE,Finance
BOH,Finance
BOH^A,
BOOT,Consumer Discretionary
BORR,Energy
BOWL,Consumer Discretionary
BOX,Technology
BP,Energy
BPT,Energy
BQ,Consumer Discretionary
BR,Consumer Discretionary
BRBR,Consumer Staples
BRC,Consumer Discretionary
BRCC,Consumer Staples
BRD,Finance
BRDG,Finance
BRDS,Consumer Discretionary
BRFS,Consumer Staples
BRK/A,
BRK/B,
BRO,Finance
BROS,Consumer Discretionary
BRSP,Real Estate
BRT,Real Estate
BRW,Finance
BRX,Real Estate
BSAC,Finance
BSBR,Finance
BSIG,Finance
BSL,Finance
BSM,Energy
BST,Finance
BSTZ,Finance
BSX,Health Care
BTA,Finance
BTCM,Technology
BTE,Consumer Staples
BTI,Health Care
BTO,Finance
BTT,Finance
BTU,Energy
BTZ,Finance
BUD,Consumer Staples
BUI,Finance
BUR,Finance
BURL,Consumer Discretionary
BV,Consumer Discretionary
BVH,Finance
BVN,Basic Materials
BW,Industrials
BW^A,
BWA,Consumer Discretionary
BWG,Finance
BWNB,Industrials
BWSN,Industrials
BWXT,
BX,Finance
BXC,Consumer Discretionary
BXMT,Real Estate
BXMX,Finance
BXP,Real Estate
BXSL,Finance
BY,Finance
BYD,Consumer Discretionary
BYM,Finance
BYN,Finance
BZH,Consumer Discretionary
C,Finance
C^J,
C^K,
C^N,
CAAP,Consumer Discretionary
CABO,Telecommunications
CACI,Technology
CADE,Finance
CADE^A,
CAE,Miscellaneous
CAF,Finance
CAG,Consumer Staples
CAH,Health Care
CAL,Consumer Discretionary
CALX,Consumer Discretionary
CANG,Technology
CANO,Health Care
CAPL,Energy
CARR,Industrials
CARS,Technology
CAT,Industrials
CATO,Consumer Discretionary
CAVA,Consumer Discretionary
CB,Finance
CBD,Consumer Staples
CBH,Finance
CBL,Real Estate
CBRE,Finance
CBT,Industrials
CBU,Finance
CBZ,Consumer Discretionary
CC,Industrials
CCI,Real Estate
CCIF,Finance
CCJ,Basic Materials
CCK,Industrials
CCL,Consumer Discretionary
CCM,Health Care
CCO,Consumer Discretionary
CCRD,Technology
CCS,Consumer Discretionary
CCU,Consumer Staples
CCV,Telecommunications
CCVI,Finance
CCZ,Telecommunications
CDAY,Technology
CDE,Basic Materials
CDP,Real Estate
CDR^B,
CDR^C,
CDRE,Health Care
CE,Industrials
CEE,Finance
CEIX,Energy
CEM,Finance
CEN,Finance
CEPU,Utilities
CEQP,Utilities
CEQP^,
CF,Industrials
CFG,Finance
CFG^D,
CFG^E,
CFR,Finance
CFR^B,
CGA,Industrials
CGAU,
CHCT,Real Estate
CHD,Consumer Discretionary
CHE,Health Care
CHGG,Consumer Discretionary
CHH,Consumer Discretionary
CHMI,Real Estate
CHMI^A,
CHMI^B,
CHN,Finance
CHPT,Miscellaneous
CHS,Consumer Discretionary
CHT,Telecommunications
CHWY,Consumer Discretionary
CI,Health Care
CIA,Finance
CIB,Finance
CIEN,Utilities
CIF,Finance
CIG,Utilities
CII,Finance
CIM,Real Estate
CIM^A,
CIM^B,
CIM^C,
CIM^D,
CINT,Technology
CIO,Real Estate
CIO^A,
CION,Finance
CIR,Industrials
CIVI,Energy
CL,Consumer Discretionary
CLB,
CLCO,
CLDT,Real Estate
CLDT^A,
CLF,Basic Materials
CLH,Industrials
CLPR,Real Estate
CLS,
CLVT,Technology
CLVT^A,
CLW,Basic Materials
CLX,Consumer Discretionary
CM,Finance
CMA,Finance
CMC,Industrials
CMCM,Technology
CMG,Consumer Discretionary
CMI,Industrials
CMP,Basic Materials
CMRE,Consumer Discretionary
CMRE^B,
CMRE^C,
CMRE^D,
CMRE^E,
CMS,Utilities
CMS^B,
CMS^C,
CMSA,Utilities
CMSC,Utilities
CMSD,Utilities
CMTG,Real Estate
CMU,Finance
CNA,Finance
CNC,Health Care
CNDA,Finance
CNDB,Finance
CNF,Finance
CNHI,Industrials
CNI,Industrials
CNK,Consumer Discretionary
CNM,Consumer Discretionary
CNMD,Health Care
CNNE,Consumer Discretionary
CNO,Finance
CNO^A,
CNP,Utilities
CNQ,Energy
CNS,Finance
CNX,Energy
CODI,Consumer Discretionary
CODI^A,
CODI^B,
CODI^C,
COF,Finance
COF^I,
COF^J,
COF^K,
COF^L,
COF^N,
COHR,Technology
COLD,Real Estate
COMP,Technology
COO,Health Care
COOK,Consumer Discretionary
COP,Energy
COR,Health Care
CORR,Real Estate
CORR^A,
COTY,Consumer Discretionary
COUR,Technology
CP,Industrials
CPA,Consumer Discretionary
CPAC,Industrials
CPB,Consumer Staples
CPE,Energy
CPF,Finance
CPG,
CPK,Utilities
CPNG,Consumer Discretionary
CPRI,Consumer Discretionary
CPS,Consumer Discretionary
CPT,Real Estate
CPTK,Industrials
CR,Industrials
CRBG,Finance
CRC,Energy
CRD/A,
CRD/B,
CRGY,Energy
CRH,Industrials
CRI,Consumer Discretionary
CRK,Energy
CRL,Health Care
CRM,Technology
CRS,Industrials
CRT,Energy
CSAN,Consumer Discretionary
CSL,Industrials
CSR,Real Estate
CSR^C,
CSTA,Finance
CSTM,Industrials
CSV,Consumer Discretionary
CTA^A,
CTA^B,
CTBB,Telecommunications
CTDD,Telecommunications
CTLT,Health Care
CTO,Real Estate
CTO^A,
CTOS,Consumer Discretionary
CTR,Finance
CTRA,Energy
CTRE,Real Estate
CTS,Technology
CTV,Consumer Discretionary
CTVA,Industrials
CUBB,Finance
CUBE,Real Estate
CUBI,Finance
CUBI^E,
CUBI^F,
CUK,Consumer Discretionary
CULP,Consumer Discretionary
CURO,Finance
CURV,Consumer Discretionary
CUZ,Real Estate
CVE,
CVEO,Consumer Discretionary
CVI,Energy
CVII,Finance
CVNA,Consumer Discretionary
CVS,Consumer Staples
CVX,Energy
CW,Technology
CWAN,Technology
CWEN,Utilities
CWH,Consumer Discretionary
CWK,Finance
CWT,Utilities
CX,Industrials
CXAC,Finance
CXE,Finance
CXH,Finance
CXM,Technology
CXT,Industrials
CXW,Real Estate
CYD,Industrials
CYH,Health Care
CZOO,Consumer Discretionary
D,Utilities
DAC,Consumer Discretionary
DAL,Consumer Discretionary
DAN,Consumer Discretionary
DAO,Consumer Discretionary
DAR,Consumer Staples
DASH,Industrials
DAVA,Technology
DB,Finance
DBD,Technology
DBI,Consumer Discretionary
DBL,
DBRG,Real Estate
DBRG^H,
DBRG^I,
DBRG^J,
DCF,Finance
DCI,Industrials
DCO,Industrials
DCP^C,
DD,Industrials
DDD,Technology
DDL,Consumer Discretionary
DDS,Consumer Discretionary
DDT,Consumer Discretionary
DE,Industrials
DEA,Real Estate
DECK,Consumer Discretionary
DEI,Real Estate
DELL,Technology
DEN,Energy
DEO,Consumer Staples
DESP,Consumer Discretionary
DFH,Consumer Discretionary
DFIN,Consumer Discretionary
DFP,Finance
DFS,Finance
DG,Consumer Discretionary
DGX,Health Care
DHF,Finance
DHI,Consumer Discretionary
DHR,Industrials
DHT,Consumer Discretionary
DHX,Consumer Discretionary
DIAX,Finance
DIN,Consumer Discretionary
DINO,Energy
DIS,Consumer Discretionary
DK,Energy
DKL,Energy
DKS,Consumer Discretionary
DLB,Technology
DLNG,Consumer Discretionary
DLNG^A,
DLNG^B,
DLR,Real Estate
DLR^J,
DLR^K,
DLR^L,
DLX,Consumer Discretionary
DLY,Finance
DM,Technology
DMA,Finance
DMB,Finance
DMO,Finance
DMS,Consumer Discretionary
DNA,Health Care
DNB,Finance
DNMR,Industrials
DNOW,Industrials
DNP,Finance
DO,Energy
DOC,Real Estate
DOCN,Technology
DOCS,Technology
DOLE,Consumer Staples
DOMA,Finance
DOOR,Basic Materials
DOUG,Real Estate
DOV,Industrials
DOW,Industrials
DPG,Finance
DPZ,Consumer Discretionary
DQ,Technology
DRD,Basic Materials
DRH,Real Estate
DRH^A,
DRI,Consumer Discretionary
DRQ,Industrials
DSL,Finance
DSM,Finance
DSU,Finance
DSX,Consumer Discretionary
DSX^B,
DT,Technology
DTB,Utilities
DTC,Consumer Discretionary
DTE,Utilities
DTF,Finance
DTG,Utilities
DTM,Utilities
DTW,Utilities
DUK,Industrials
DUK^A,
DUKB,Utilities
DV,Technology
DVA,Health Care
DVN,Energy
DX,Real Estate
DX^C,
DXC,Technology
DY,Industrials
E,Energy
EAF,Energy
EAI,Utilities
EARN,Real Estate
EAT,Consumer Discretionary
EB,Technology
EBF,Consumer Discretionary
EBR,Utilities
EBS,Health Care
EC,Energy
ECAT,Finance
ECC           ,Finance
ECC^D,
ECCC,Finance
ECCV,Finance
ECCW,Finance
ECCX,Finance
ECL,Consumer Discretionary
ECVT,Industrials
ED,Utilities
EDD,Finance
EDF,Finance
EDI,Finance
EDN,Utilities
EDR,Consumer Discretionary
EDU,Consumer Discretionary
EE,Utilities
EEA,Finance
EEX,Consumer Discretionary
EFC,Finance
EFC^A,
EFC^B,
EFC^C,
EFR,Finance
EFT,Finance
EFX,Finance
EFXT,Industrials
EG,Finance
EGF,Finance
EGGF,Finance
EGLE,Consumer Discretionary
EGO,Basic Materials
EGP,Real Estate
EGY,Energy
EHAB,Health Care
EHC,Health Care
EHI,Finance
EIC,Finance
EICB,
EIG,Finance
EIX,Utilities
EL,Consumer Discretionary
ELAN,Health Care
ELC,Utilities
ELF,Consumer Discretionary
ELIQ,Miscellaneous
ELME,Real Estate
ELP,Utilities
ELS,Real Estate
ELV,Health Care
EMD,Finance
EME,Industrials
EMF,Finance
EMN,Industrials
EMO,Finance
EMP,
EMR,Technology
ENB,Energy
ENFN,Technology
ENIC,Utilities
ENJ,Utilities
ENLC,Utilities
ENO,Utilities
ENOV,Industrials
ENR,Miscellaneous
ENS,Technology
ENV,Consumer Discretionary
ENVA,Finance
ENZ,Health Care
EOD,Finance
EOG,Energy
EOI,Finance
EOS,Finance
EOT,Finance
EP^C,
EPAC,Industrials
EPAM,Technology
EPC,Consumer Discretionary
EPD,Utilities
EPR,Real Estate
EPR^C,
EPR^E,
EPR^G,
EPRT,Real Estate
EQBK,Finance
EQC,Real Estate
EQC^D,
EQH,Finance
EQH^A,
EQH^C,
EQNR,Energy
EQR,Real Estate
EQS,Finance
EQT,Energy
ERF,Energy
ERJ,Industrials
ERO,Basic Materials
ES,Utilities
ESAB,Industrials
ESE,Telecommunications
ESI,Industrials
ESMT,Technology
ESNT,Finance
ESRT,Real Estate
ESS,Real Estate
ESTC,Technology
ESTE,Energy
ET,Utilities
ET^C,
ET^D,
ET^E,
ETB,Finance
ETD,Consumer Discretionary
ETG,Finance
ETI^,
ETJ,Finance
ETN,Technology
ETO,Finance
ETR,Utilities
ETRN,Utilities
ETV,Finance
ETW,Finance
ETWO,Technology
ETX           ,Finance
ETY,Finance
EURN,Consumer Discretionary
EVA,Basic Materials
EVC,Industrials
EVEX,Industrials
EVF,Finance
EVG,Finance
EVH,Consumer Discretionary
EVN,Finance
EVR,Finance
EVRI,Consumer Discretionary
EVT,Finance
EVTC,Technology
EVTL,Industrials
EW,Health Care
EXG,Finance
EXK,Basic Materials
EXP,Industrials
EXPR,Consumer Discretionary
EXR,Real Estate
EXTO,
F,Consumer Discretionary
F^B,
F^C,
F^D,
FAF,Finance
FAM,Finance
FATH,Technology
FBIN,Consumer Discretionary
FBK,Finance
FBP,Finance
FBRT,Real Estate
FBRT^E,
FC,Consumer Discretionary
FCF,Finance
FCN,Consumer Discretionary
FCPT,Real Estate
FCRX,Finance
FCT,Finance
FCX,Basic Materials
FDEU,Finance
FDP,Consumer Staples
FDX,Consumer Discretionary
FE,Utilities
FEDU,Consumer Discretionary
FEI           ,Finance
FENG,Industrials
FERG,Miscellaneous
FET,Industrials
FF,Industrials
FFA,Finance
FFC,Finance
FFWM,Finance
FG,Finance
FGB,Finance
FHI,Finance
FHN,Finance
FHN^B,
FHN^C,
FHN^D,
FHN^E,
FHN^F,
FI,Consumer Discretionary
FICO,Consumer Discretionary
FIF,Finance
FIGS,Consumer Discretionary
FIHL,
FINS,Finance
FINV,Finance
FIS,Consumer Discretionary
FIX,Industrials
FL,Consumer Discretionary
FLC,Finance
FLME,Energy
FLNG,Consumer Discretionary
FLO,Consumer Staples
FLR,Industrials
FLS,Industrials
FLT,Consumer Discretionary
FMC,Industrials
FMN,Finance
FMS,Health Care
FMX,Consumer Staples
FMY,Finance
FN,Utilities
FNA,Health Care
FNB,Finance
FNB^E,
FND,Consumer Discretionary
FNF,Finance
FNV,
FOA,Finance
FOF,Finance
FOR,Finance
FOUR,Consumer Discretionary
FPF,Finance
FPH,Finance
FPI,Real Estate
FPL,Finance
FR,Real Estate
FRA,Finance
FREY,Miscellaneous
FRGE,Technology
FRO,Consumer Discretionary
FRT,Real Estate
FRT^C,
FRXB,Finance
FSCO,Finance
FSD,Finance
FSK,Finance
FSLY,Technology
FSM,Basic Materials
FSNB,Finance
FSR,Consumer Discretionary
FSS,Consumer Discretionary
FT,Finance
FTCH,Consumer Discretionary
FTHY,Finance
FTI,Industrials
FTK,Industrials
FTS,Utilities
FTV,Industrials
FUBO,Industrials
FUL,Industrials
FUN,Consumer Discretionary
FVRR,Consumer Discretionary
FZT,Finance
G,Consumer Discretionary
GAB,Finance
GAB^G,
GAB^H,
GAB^K,
GAM,Finance
GAM^B,
GAQ,Finance
GATO,Basic Materials
GATX,Consumer Discretionary
GB,Technology
GBAB,Finance
GBCI,Finance
GBLI,Finance
GBTG,Technology
GBX,Industrials
GCI,Consumer Discretionary
GCO,Consumer Discretionary
GCV,Finance
GD,Industrials
GDDY,Technology
GDL,Finance
GDL^C,
GDO,Finance
GDOT,Finance
GDV,Finance
GDV^H,
GDV^K,
GE,Technology
GEF,
GEHI,Consumer Discretionary
GEL,Energy
GENI,Consumer Discretionary
GEO,Consumer Discretionary
GES,Consumer Discretionary
GETR,Consumer Discretionary
GETY,Industrials
GF,Finance
GFF,Industrials
GFI,Basic Materials
GFL,
GFOR,Finance
GFR,
GGB,Industrials
GGG,Industrials
GGT,Finance
GGT^E,
GGT^G,
GGZ,Finance
GHC,Consumer Discretionary
GHG,Consumer Discretionary
GHI,Finance
GHL,Finance
GHLD,Finance
GHM,Industrials
GHY,Finance
GIB,Consumer Discretionary
GIC,Industrials
GIL,Consumer Discretionary
GIM,Finance
GIS,Consumer Staples
GJH,Finance
GJO,Finance
GJP,Finance
GJR,Finance
GJS,Finance
GJT,Finance
GKOS,Health Care
GL,Finance
GL^D,
GLOB,Technology
GLOG^A,
GLOP^A,
GLOP^B,
GLOP^C,
GLP,Energy
GLP^A,
GLP^B,
GLT,Basic Materials
GLW,Technology
GM,Consumer Discretionary
GME,Consumer Discretionary
GMED,Health Care
GMRE,Real Estate
GMRE^A,
GMS,
GNE,Utilities
GNK,Consumer Discretionary
GNL,Real Estate
GNL^A,
GNL^B,
GNL^D,
GNL^E,
GNRC,Consumer Discretionary
GNT,Finance
GNT^A,
GNTY,Finance
GNW,Finance
GOF,Finance
GOL,Consumer Discretionary
GOLD,
GOLF,Consumer Discretionary
GOOS,
GOTU,Consumer Discretionary
GPC,Consumer Discretionary
GPI,Consumer Discretionary
GPJA,Utilities
GPK,Consumer Discretionary
GPMT,Real Estate
GPMT^A,
GPN,Consumer Discretionary
GPOR,Energy
GPRK,Energy
GPS,Consumer Discretionary
GRBK,Consumer Discretionary
GRBK^A,
GRC,Industrials
GRMN,Industrials
GRND,Technology
GRNT,Finance
GROV,Consumer Discretionary
GRX,Finance
GS,Finance
GS^A,
GS^C,
GS^D,
GS^K,
GSBD,Finance
GSK,Health Care
GSL,Consumer Discretionary
GSL^B,
GTES,Industrials
GTLS,Industrials
GTLS^B,
GTN,Industrials
GTY,Real Estate
GUG,Finance
GUT,Finance
GUT^C,
GVA,Industrials
GWH,Miscellaneous
GWRE,Technology
GWW,Industrials
GXO,Consumer Discretionary
H,Consumer Discretionary
HAE,Health Care
HAL,Energy
HASI,Real Estate
HAYW,Technology
HBB,Consumer Discretionary
HBI,Consumer Discretionary
HBM,Basic Materials
HCA,Health Care
HCC,Energy
HCI,Finance
HCXY,Finance
HD,Consumer Discretionary
HDB,Finance
HE,Utilities
HEI,Industrials
HEI/A,
HEP,Energy
HEQ,Finance
HES,Energy
HESM,Energy
HFRO,Finance
HFRO^A,
HGLB,Finance
HGTY,Finance
HGV,Consumer Discretionary
HHH,Real Estate
HHLA,Health Care
HI,Consumer Discretionary
HIE,Finance
HIG,Finance
HIG^G,
HII,Industrials
HIMS,Health Care
HIO,Finance
HIPO,Finance
HIW,Real Estate
HIX,Finance
HKD,Finance
HL,Industrials
HL^B,
HLF,Health Care
HLGN,Utilities
HLI,Finance
HLIO,Industrials
HLLY,Consumer Discretionary
HLN,Consumer Discretionary
HLT,Consumer Discretionary
HLX,Energy
HMC,Consumer Discretionary
HMN,Finance
HMY,Basic Materials
HNI,Consumer Discretionary
HOG,Consumer Discretionary
HOMB,Finance
HOUS,Finance
HOV,Consumer Discretionary
HP,Energy
HPE,Telecommunications
HPF,Finance
HPI,Finance
HPP,Finance
HPP^C,
HPQ,Technology
HPS,Finance
HQH,Finance
HQL,Finance
HR,Real Estate
HRB,Consumer Discretionary
HRI,
HRL,Consumer Staples
HRT,Consumer Discretionary
HRTG,Finance
HSBC,Finance
HSHP,
HSY,Consumer Staples
HT,Real Estate
HT^C,
HT^D,
HT^E,
HTD,Finance
HTFC,Finance
HTGC,Finance
HTH,Finance
HTY,Finance
HUBB,Technology
HUBS,Technology
HUM,Health Care
HUN,Industrials
HUYA,Technology
HVT,Consumer Discretionary
HVT/A,
HWM,Industrials
HXL,Industrials
HY,Industrials
HYAC,
HYB,Finance
HYI,Finance
HYLN,Consumer Discretionary
HYT,Finance
HZO,Consumer Discretionary
IAE,Finance
IAG,Basic Materials
IBM,Technology
IBN,Finance
IBP,Consumer Discretionary
ICD,Energy
ICE,Finance
ICL,Industrials
ICNC,Finance
ICR^A,
IDA,Utilities
IDE,Finance
IDT,Telecommunications
IEX,Industrials
IFF,Industrials
IFN,Finance
IFS,Finance
IGA,Finance
IGD,Finance
IGI,Finance
IGR,Finance
IGT,Consumer Discretionary
IH,Consumer Discretionary
IHD,Finance
IHG,Consumer Discretionary
IHIT,Finance
IHS,Telecommunications
IHTA,Finance
IIF,Finance
IIIN,Industrials
IIM,Finance
IIPR,Finance
IIPR^A,
IMAX,
INFA,Technology
INFY,Technology
ING,Finance
INGR,Consumer Staples
INN,Real Estate
INN^E,
INN^F,
INSI,Finance
INSP,Health Care
INST,Technology
INSW,Consumer Discretionary
INVH,Finance
IONQ,Industrials
IOT,Technology
IP,Basic Materials
IPG,Consumer Discretionary
IPI,Industrials
IQI,Finance
IQV,Health Care
IR,Industrials
IRM,Real Estate
IRRX,Finance
IRS,Real Estate
IRT,Real Estate
ISD,Finance
IT,Consumer Discretionary
ITCL,Finance
ITGR,Health Care
ITT,Industrials
ITUB,Finance
ITW,Industrials
IVR,Real Estate
IVR^B,
IVR^C,
IVT,Real Estate
IVZ,Finance
IX,Finance
J,Industrials
JBGS,Real Estate
JBI,Industrials
JBK,Finance
JBL,Technology
JBT,Industrials
JCE,Finance
JCI,Industrials
JEF,Finance
JELD,Basic Materials
JEQ,Consumer Discretionary
JFR,Finance
JGH,Finance
JHAA,Finance
JHG,Finance
JHI,Finance
JHS,Finance
JHX,Industrials
JILL,Consumer Discretionary
JKS,Technology
JLL,Finance
JLS,Finance
JMIA,Consumer Discretionary
JMM,Finance
JNJ,Health Care
JNPR,Technology
JOBY,Consumer Discretionary
JOE,Real Estate
JOF,Finance
JPC,Finance
JPI,Finance
JPM,Finance
JPM^C,
JPM^D,
JPM^J,
JPM^K,
JPM^L,
JPM^M,
JPS,Finance
JPT,Finance
JQC,Finance
JRI,Finance
JRS,Finance
JT,Technology
JUN,Finance
JWN,Consumer Discretionary
JXN,Finance
JXN^A,
K,Consumer Staples
KAI,Industrials
KAMN,Industrials
KAR,Consumer Discretionary
KB,Finance
KBH,Consumer Discretionary
KBR,Industrials
KCGI,Finance
KD,Technology
KEN,Utilities
KEP,Industrials
KEX,Consumer Discretionary
KEY,Finance
KEY^I,
KEY^J,
KEY^K,
KEY^L,
KEYS,Industrials
KF,Finance
KFS,Finance
KFY,Consumer Discretionary
KGC,Basic Materials
KGS,
KIM,Real Estate
KIM^L,
KIM^M,
KIND,Technology
KIO,Finance
KKR,Finance
KKRS,
KLR,Technology
KMB,Consumer Discretionary
KMF,Finance
KMI,Utilities
KMPB,Finance
KMPR,Finance
KMT,Industrials
KMX,Consumer Discretionary
KN,Consumer Staples
KNF,
KNOP,Consumer Discretionary
KNSL,Finance
KNSW,Finance
KNTK,Utilities
KNX,Industrials
KO,Consumer Staples
KODK,Consumer Discretionary
KOF,Consumer Staples
KOP,Basic Materials
KORE,Consumer Discretionary
KOS,Energy
KR,Consumer Staples
KRC,Real Estate
KREF,Real Estate
KREF^A,
KRG,Real Estate
KRO,Industrials
KRP,Energy
KSM,Finance
KSS,Consumer Discretionary
KT,Telecommunications
KTB,Consumer Discretionary
KTF,Finance
KTH,Finance
KTN,Finance
KUKE,Consumer Discretionary
KVUE,Consumer Discretionary
KVYO,
KW,Finance
KWR,Industrials
KYN,Finance
L,Finance
LAC,Basic Materials
LAD,Consumer Discretionary
LADR,Real Estate
LANV,Finance
LAW,Technology
LAZ,Finance
LBRT,Energy
LC,Finance
LCII,Consumer Discretionary
LCW,Finance
LDI,Finance
LDOS,Technology
LDP,Finance
LEA,Consumer Discretionary
LEG,Consumer Discretionary
LEJU,Finance
LEN,Consumer Discretionary
LEO,Finance
LEV,Consumer Discretionary
LEVI,Consumer Discretionary
LFT,Real Estate
LFT^A,
LGI,
LH,Health Care
LHC,Technology
LHX,Industrials
LICY,Industrials
LII,Industrials
LIN,Industrials
LITB,Consumer Discretionary
LL,Consumer Discretionary
LLAP,Industrials
LLY,Health Care
LMND,Finance
LMT,Industrials
LNC,Finance
LNC^D,
LND,Consumer Staples
LNN,Industrials
LOB,Finance
LOCC,Finance
LOCL,Consumer Staples
LOMA,Industrials
LOW,Consumer Discretionary
LPG,Consumer Discretionary
LPL,Technology
LPX,Basic Materials
LRN,Consumer Discretionary
LSPD,Technology
LTC,Real Estate
LTH,Consumer Discretionary
LTHM,Industrials
LU,Finance
LUMN,Telecommunications
LUV,Consumer Discretionary
LVS,Consumer Discretionary
LVWR,
LW,Consumer Staples
LXP,Real Estate
LXP^C,
LXU,Industrials
LYB,Industrials
LYG,Finance
LYV,Consumer Discretionary
LZB,Consumer Discretionary
LZM,Basic Materials
M,Consumer Discretionary
MA,Consumer Discretionary
MAA,Real Estate
MAA^I,
MAC,Real Estate
MAIN,Finance
MAN,Consumer Discretionary
MANU,Consumer Discretionary
MAS,Consumer Discretionary
MATV,Basic Materials
MATX,Consumer Discretionary
MAV,Finance
MAX,Industrials
MBAC,Consumer Discretionary
MBC,Industrials
MBI,Finance
MC,Finance
MCB,Finance
MCD,Consumer Discretionary
MCI,Finance
MCK,Health Care
MCN,
MCO,Finance
MCR,Finance
MCS,Consumer Discretionary
MCW,
MCY,Finance
MD,Health Care
MDC,Consumer Discretionary
MDT,Health Care
MDU,Industrials
MDV,Consumer Discretionary
MDV^A,
MEC,Industrials
MED,Consumer Discretionary
MEG,Consumer Discretionary
MEGI,Finance
MEI,Technology
MER^K,
MET,Finance
MET^A,
MET^E,
MET^F,
MFA,Real Estate
MFA^B,
MFA^C,
MFC,Finance
MFD,Finance
MFG,Finance
MFM,Finance
MFV,Finance
MG,Consumer Discretionary
MGA,Consumer Discretionary
MGF,Finance
MGM,Consumer Discretionary
MGR,Finance
MGRB,Finance
MGRD,Finance
MGY,Energy
MHD,Finance
MHF,Finance
MHI,Finance
MHK,Consumer Discretionary
MHLA,Finance
MHN,Finance
MHNC,Finance
MHO,Consumer Discretionary
MIN,Finance
MIO,Finance
MIR,Technology
MITT,Real Estate
MITT^A,
MITT^B,
MITT^C,
MIXT,Technology
MIY,Finance
MKC,Consumer Staples
MKFG,Technology
MKL,Finance
ML,Technology
MLI,Industrials
MLM,Industrials
MLNK,Technology
MLP,Finance
MLR,Consumer Discretionary
MMC,Finance
MMD,Finance
MMI,Finance
MMM,Health Care
MMP,Energy
MMS,Consumer Discretionary
MMT,Finance
MMU,Finance
MNP,Finance
MNSO,Consumer Discretionary
MNTN,Finance
MO,Health Care
MOD,Consumer Discretionary
MODG,Consumer Discretionary
MODN,Technology
MOGU,Consumer Discretionary
MOH,Health Care
MOS,Industrials
MOV,Consumer Discretionary
MP,Basic Materials
MPA,Finance
MPC,Energy
MPLN,Consumer Discretionary
MPLX,Energy
MPV,Finance
MPW,Real Estate
MPX,Industrials
MQT,Finance
MQY,Finance
MRC,Industrials
MRDB,Finance
MRK,Health Care
MRO,Energy
MS,Finance
MS^A,
MS^E,
MS^F,
MS^I,
MS^K,
MS^L,
MS^O,
MS^P,
MSA,Health Care
MSB,Industrials
MSC,Consumer Discretionary
MSCI,Consumer Discretionary
MSD,Finance
MSGE,Consumer Discretionary
MSGS,Consumer Discretionary
MSI,Technology
MSM,Industrials
MT,Industrials
MTAL,Finance
MTB,Finance
MTB^H,
MTBL,Consumer Discretionary
MTD,Industrials
MTDR,Energy
MTG,Finance
MTH,Consumer Discretionary
MTN,Consumer Discretionary
MTR,Energy
MTRN,Industrials
MTW,Industrials
MTX,Industrials
MTZ,Industrials
MUA,Finance
MUC,Finance
MUE,Finance
MUFG,Finance
MUI,Finance
MUJ,Finance
MUR,Energy
MUSA,Consumer Discretionary
MUX,Basic Materials
MVF,Finance
MVO,Energy
MVT,Finance
MWA,Industrials
MX,Technology
MXE,Finance
MXF,Finance
MYD,Finance
MYE,Industrials
MYI,Finance
MYN,Finance
MYTE,Consumer Discretionary
NABL,Technology
NAC,Finance
NAD,Finance
NAN,Finance
NAPA,Consumer Staples
NAT,Consumer Discretionary
NAZ,Finance
NBB,Finance
NBHC,Finance
NBR,Energy
NBXG,Finance
NC,Energy
NCA,Finance
NCLH,Consumer Discretionary
NCR,Miscellaneous
NCV,Finance
NCV^A,
NCZ,Finance
NCZ^A,
NDMO,Finance
NDP,Finance
NE,Consumer Discretionary
NEA,Finance
NEE,Technology
NEE^N,
NEE^R,
NEM,Basic Materials
NEP,Utilities
NET,Technology
NETC,Industrials
NETI,Consumer Discretionary
NEU,Industrials
NEWR,Technology
NEXA,Basic Materials
NFG,Energy
NFJ,Finance
NFNT,Finance
NFYS,Finance
NGG,Utilities
NGL,Utilities
NGL^B,
NGL^C,
NGS,Energy
NGVC,Consumer Staples
NGVT,Industrials
NHI,Real Estate
NI,Utilities
NI^B,
NIC,Finance
NIE,Finance
NIM,Finance
NIMC,Utilities
NINE,Energy
NIO,Finance
NJR,Utilities
NKE,Consumer Discretionary
NKX,Finance
NL,Industrials
NLS,Consumer Discretionary
NLY,Real Estate
NLY^F,
NLY^G,
NLY^I,
NM,Consumer Discretionary
NM^G,
NM^H,
NMAI,Finance
NMCO,Finance
NMG,
NMI,Finance
NMK^B,
NMK^C,
NMM,Consumer Discretionary
NMR,Finance
NMS,Finance
NMT,Finance
NMZ,Finance
NNI,Finance
NNN,Real Estate
NNY,Finance
NOA,Consumer Staples
NOAH,Finance
NOC,Industrials
NOG,Energy
NOK,Technology
NOM,Finance
NOMD,Consumer Staples
NOTE,Technology
NOV,Industrials
NOVA,Utilities
NOW,Technology
NPCT,Finance
NPFD,Finance
NPK,Industrials
NPO,Industrials
NPV,Finance
NPWR,Energy
NQP,Finance
NR,Industrials
NRDY,Technology
NREF,Real Estate
NREF^A,
NRG,Utilities
NRGV,Miscellaneous
NRGX,Finance
NRK,Finance
NRP,Energy
NRT,Energy
NRUC,Finance
NS,Energy
NS^A,
NS^B,
NS^C,
NSA,Real Estate
NSA^A,
NSC,Industrials
NSP,Consumer Discretionary
NSS,Energy
NTB,Finance
NTCO,Consumer Discretionary
NTG,Finance
NTR,Industrials
NTST,Real Estate
NTZ,Consumer Discretionary
NU,Finance
NUE,Industrials
NUS,Health Care
NUV,Finance
NUVB,Health Care
NUW,Finance
NVG,Finance
NVGS,Consumer Discretionary
NVO,Health Care
NVR,Consumer Discretionary
NVRI,Miscellaneous
NVRO,Health Care
NVS,Health Care
NVST,Health Care
NVT,Industrials
NVTA,Health Care
NWG,Finance
NWN,Utilities
NX,Industrials
NXC,Finance
NXDT,Finance
NXDT^A,
NXE,Basic Materials
NXG,
NXJ,Finance
NXN,Finance
NXP,Finance
NXRT,Real Estate
NYC,Finance
NYCB,Finance
NYCB^A,
NYCB^U,
NYT,Consumer Discretionary
NZF,Finance
O,Real Estate
OAK^A,
OAK^B,
OBDC,Finance
OBK,Finance
OC,Industrials
OCFT,Technology
OCN,Finance
ODC,Consumer Discretionary
ODV,
OEC,Industrials
OFG,Finance
OGE,Utilities
OGN,Health Care
OGS,Utilities
OHI,Real Estate
OI,Consumer Discretionary
OIA,Finance
OII,Energy
OIS,Industrials
OKE,Utilities
OLN,Industrials
OLO,Finance
OLP,Real Estate
OMC,Consumer Discretionary
OMF,Finance
OMI,Health Care
ONL,Real Estate
ONON,Consumer Discretionary
ONTF,Technology
ONTO,Industrials
OOMA,Technology
OPA,Consumer Discretionary
OPAD,Finance
OPFI,Technology
OPP,Finance
OPP^A,
OPP^B,
OPY,Finance
OR,Basic Materials
ORA,Utilities
ORAN,Telecommunications
ORC,Real Estate
ORCL,Technology
ORI,Finance
ORN,Industrials
OSCR,Finance
OSG,Energy
OSI,Finance
OSK,Consumer Discretionary
OTIS,Technology
OUST,Technology
OUT,Real Estate
OVV,Energy
OWL,Finance
OWLT,Health Care
OXM,Consumer Discretionary
OXY,Energy
PAAS,
PAC,
PACI,Finance
PACK,Consumer Discretionary
PAG,Consumer Discretionary
PAGS,Technology
PAI,Finance
PAM,Utilities
PAR,Miscellaneous
PARR,Energy
PATH,Technology
PAXS,Finance
PAY,Technology
PAYC,Technology
PB,Finance
PBA,Energy
PBF,Energy
PBH,Health Care
PBI,Miscellaneous
PBI^B,
PBR,Energy
PBT,Energy
PCF,Finance
PCG,Utilities
PCK,Finance
PCM,Finance
PCN,Finance
PCOR,Technology
PCQ,Finance
PD,Technology
PDI,Finance
PDM,Real Estate
PDO,Finance
PDS,Energy
PDT,Finance
PEAK,Real Estate
PEB,Real Estate
PEB^E,
PEB^F,
PEB^G,
PEB^H,
PEG,Utilities
PEN,Health Care
PEO,Finance
PERF,Technology
PFD,Finance
PFE,Health Care
PFGC,Consumer Discretionary
PFH,Finance
PFL,Finance
PFLT,Finance
PFN,Finance
PFO,Finance
PFS,Finance
PFSI,Finance
PG,Consumer Discretionary
PGP,Finance
PGR,Finance
PGRE,Real Estate
PGRU,Technology
PGSS,Finance
PGTI,Industrials
PGZ,Finance
PH,Industrials
PHD,Finance
PHG,Health Care
PHI,Telecommunications
PHIN,
PHK,Finance
PHM,Consumer Discretionary
PHR,Consumer Discretionary
PHT,Finance
PHX,Energy
PHYT,Finance
PII,Consumer Discretionary
PIM,Finance
PINE,Real Estate
PINS,Technology
PIPR,Finance
PJT,Finance
PK,Real Estate
PKE,Industrials
PKG,Consumer Discretionary
PKST,Real Estate
PKX,Industrials
PL,Industrials
PLD,Real Estate
PLNT,Consumer Discretionary
PLOW,Industrials
PLTR,Technology
PLYM,Real Estate
PM,Health Care
PMF,Finance
PML,Finance
PMM,Finance
PMO,Finance
PMT,Real Estate
PMT^A,
PMT^B,
PMT^C,
PMX,Finance
PNC,Finance
PNF,Finance
PNI,Finance
PNM,Utilities
PNNT,Finance
PNR,Industrials
PNW,Utilities
POR,Utilities
PORT,Finance
POST,Consumer Staples
PPG,Consumer Discretionary
PPL,Utilities
PPT,Finance
PR,Energy
PRA,Finance
PRE^J,
PRG,Consumer Discretionary
PRGO,Health Care
PRH,Finance
PRI,Finance
PRIF^D,
PRIF^F,
PRIF^G,
PRIF^H,
PRIF^I,
PRIF^J,
PRIF^K,
PRIF^L,
PRIM,Industrials
PRLB,Industrials
PRM,Consumer Discretionary
PRMW,Consumer Staples
PRO,Technology
PRS,Finance
PRT,Energy
PRU,Finance
PSA,Real Estate
PSA^F,
PSA^G,
PSA^H,
PSA^I,
PSA^J,
PSA^K,
PSA^L,
PSA^M,
PSA^N,
PSA^O,
PSA^P,
PSA^Q,
PSA^R,
PSA^S,
PSEC^A,
PSF,Finance
PSFE,Consumer Discretionary
PSN,Technology
PSO,Consumer Discretionary
PSQH,Consumer Discretionary
PSTG,Technology
PSTL,Real Estate
PSX,Energy
PTA,Finance
PTY,Finance
PUK,Finance
PUMP,Energy
PVH,Consumer Discretionary
PVL,Energy
PWR,Industrials
PWSC,Technology
PX,Finance
PXD,Energy
PYN,Finance
PYT,Finance
PZC,Finance
QBTS,Technology
QD,Finance
QGEN,Health Care
QS,Consumer Discretionary
QSR,Consumer Discretionary
QTWO,Technology
QUAD,Consumer Discretionary
QVCC,Consumer Discretionary
QVCD,Consumer Discretionary
R,Consumer Discretionary
RA,Finance
RACE,Consumer Discretionary
RAD,Consumer Staples
RAMP,Technology
RBA,Consumer Discretionary
RBC,Industrials
RBCP,Industrials
RBLX,Technology
RBOT,Health Care
RBT,Technology
RC,Real Estate
RC^C,
RC^E,
RCB,Real Estate
RCC,Real Estate
RCFA,Finance
RCI,Telecommunications
RCL,Consumer Discretionary
RCS,Finance
RCUS,Health Care
RDN,Finance
RDW,Industrials
RDY,Health Care
RELX,Consumer Discretionary
RERE,Consumer Discretionary
RES,Energy
REVG,Consumer Discretionary
REX,Industrials
REXR,Real Estate
REXR^B,
REXR^C,
REZI,Industrials
RF,Finance
RF^B,
RF^C,
RF^E,
RFI,Finance
RFL,Health Care
RFM,Finance
RFMZ,Finance
RGA,Finance
RGR,Industrials
RGS,Consumer Discretionary
RGT,Finance
RH,Consumer Discretionary
RHI,Consumer Discretionary
RHP,Real Estate
RIG,Energy
RIO,Basic Materials
RITM,Real Estate
RITM^A,
RITM^B,
RITM^C,
RITM^D,
RIV,Finance
RIV^A,
RJF,Finance
RJF^B,
RKT,Finance
RL,Consumer Discretionary
RLI,Finance
RLJ,Real Estate
RLJ^A,
RLTY,Finance
RLX,Health Care
RM,Finance
RMAX,Finance
RMD,Health Care
RMI,Finance
RMM,Finance
RMMZ,Finance
RMPL^,
RMT,Finance
RNG,Technology
RNGR,Energy
RNP,Finance
RNR,Finance
RNR^F,
RNR^G,
ROG,Industrials
ROK,Industrials
ROL,Finance
ROSS,Finance
RPM,Consumer Discretionary
RPT,Real Estate
RPT^D,
RQI,Finance
RRAC,Finance
RRC,Energy
RRX,Consumer Discretionary
RS,Industrials
RSF,Finance
RSG,Utilities
RSI,Consumer Discretionary
RSKD,Technology
RTO,Consumer Discretionary
RTX,Industrials
RVLV,Consumer Discretionary
RVT,Finance
RVTY,Industrials
RWT,Real Estate
RWT^A,
RXO,
RY,Finance
RY^T,
RYAM,Basic Materials
RYAN,Finance
RYI,Industrials
RYN,Real Estate
RZB,Finance
RZC,Finance
S,Technology
SA,Basic Materials
SAFE,Real Estate
SAH,Consumer Discretionary
SAIC,Technology
SAJ,Finance
SAM,Consumer Staples
SAN,Finance
SAND          ,Basic Materials
SAP,Technology
SAR,Finance
SAT,Finance
SAVE,Consumer Discretionary
SAY,Finance
SAZ,Finance
SB,Consumer Discretionary
SB^C,
SB^D,
SBBA,Consumer Discretionary
SBH,Miscellaneous
SBI,Finance
SBOW,Energy
SBR,Energy
SBS,Utilities
SBSW,Basic Materials
SBXC,Finance
SCCO,Basic Materials
SCD,Finance
SCE^G,
SCE^H,
SCE^J,
SCE^K,
SCE^L,
SCHW,Finance
SCHW^D,
SCHW^J,
SCI,Consumer Discretionary
SCL,Consumer Discretionary
SCM,Finance
SCS,Consumer Discretionary
SCU,Finance
SCX,Consumer Discretionary
SD,Energy
SDHY,Finance
SDRL,Energy
SE,Consumer Discretionary
SEAL^A,
SEAL^B,
SEAS,Health Care
SEDA,Finance
SEE,Industrials
SEM,Health Care
SEMR,Technology
SES,Consumer Discretionary
SF,Finance
SF^B,
SF^C,
SF^D,
SFB,Finance
SFBS,Finance
SFL,Consumer Discretionary
SG,Consumer Discretionary
SGHC,Consumer Discretionary
SGU,Consumer Discretionary
SHAK,Consumer Discretionary
SHCO,Consumer Discretionary
SHEL,Energy
SHG,Finance
SHO,Consumer Discretionary
SHO^H,
SHO^I,
SHOP,
SHW,Consumer Discretionary
SID,Industrials
SIG,Consumer Discretionary
SII,
SITC,Real Estate
SITC^A,
SITE,Consumer Discretionary
SIX,Consumer Discretionary
SJM,Consumer Staples
SJT,Energy
SJW,Utilities
SKE,Basic Materials
SKIL,Technology
SKLZ,Technology
SKM,Telecommunications
SKT,Real Estate
SKX,Consumer Discretionary
SKY,Consumer Discretionary
SLB,Energy
SLCA,Industrials
SLF,Finance
SLG,Real Estate
SLG^I,
SLGN,Industrials
SLQT,Finance
SLVM,Basic Materials
SM,Energy
SMAR,Technology
SMFG,Finance
SMG,Industrials
SMHI,Consumer Discretionary
SMLP,Utilities
SMP,Consumer Discretionary
SMR,Industrials
SMRT,Technology
SMWB,Technology
SN,
SNA,Consumer Discretionary
SNAP,Technology
SNDA,Health Care
SNDR,Industrials
SNN,Health Care
SNOW,Technology
SNV,Finance
SNV^D,
SNV^E,
SNX,Technology
SO,Utilities
SOI,Industrials
SOJC,Utilities
SOJD,Utilities
SOJE,Basic Materials
SOL,Technology
SON,Consumer Discretionary
SONX,Health Care
SONY,Consumer Staples
SOR,Finance
SOS,Finance
SPB,Miscellaneous
SPCE,Consumer Discretionary
SPE,Finance
SPG,Real Estate
SPG^J,
SPGI,Finance
SPH,Consumer Discretionary
SPHR,Consumer Discretionary
SPIR,Consumer Discretionary
SPLP,Industrials
SPLP^A,
SPNT,Finance
SPNT^B,
SPOT,Consumer Discretionary
SPR,Industrials
SPRU,Consumer Discretionary
SPXC,Industrials
SPXX,Finance
SQ,Technology
SQM,Industrials
SQNS,Technology
SQSP,Technology
SR,Utilities
SR^A,
SRC,Real Estate
SRC^A,
SRE,Utilities
SREA,Consumer Discretionary
SRFM,Consumer Discretionary
SRG,Finance
SRG^A,
SRI,Consumer Discretionary
SRL,Finance
SRT,Consumer Discretionary
SRV,Finance
SSD,Consumer Discretionary
SSL,Energy
SST,Consumer Discretionary
SSTK,Technology
SSU,Consumer Discretionary
ST,Industrials
STAG,Real Estate
STC,Finance
STE,Health Care
STEL,Finance
STEM,Technology
STEW,Finance
STG,Consumer Discretionary
STK,Finance
STLA,Consumer Discretionary
STM,Technology
STN,Consumer Discretionary
STNG,Consumer Discretionary
STR,Energy
STT,Finance
STT^D,
STT^G,
STVN,Consumer Discretionary
STWD,Real Estate
STZ,Consumer Staples
SU,Energy
SUI,Real Estate
SUM,Industrials
SUN,Energy
SUNL,Finance
SUP,Consumer Discretionary
SUPV,Finance
SUZ,Basic Materials
SVV,Consumer Discretionary
SWI,Technology
SWK,Consumer Discretionary
SWN,Energy
SWX,Utilities
SWZ,Finance
SXC,Industrials
SXI,Industrials
SXT,Industrials
SYF,Finance
SYF^A,
SYK,Health Care
SYY,Consumer Discretionary
T,Telecommunications
T^A,
T^C,
TAC,Utilities
TAK,Health Care
TAL,Consumer Discretionary
TALO,Energy
TAP,Consumer Staples
TARO,Health Care
TBB,Telecommunications
TBC,Telecommunications
TBI,Consumer Discretionary
TCI,Real Estate
TCN,Finance
TCOA,Finance
TCS,Consumer Discretionary
TD,Finance
TDC,Technology
TDCX,Technology
TDF,Finance
TDG,Industrials
TDOC,Health Care
TDS,Telecommunications
TDS^U,
TDS^V,
TDW,Consumer Discretionary
TDY,Industrials
TEAF,Finance
TECK,
TEF,Telecommunications
TEI,Finance
TEL,Technology
TEO,Telecommunications
TEVA,Health Care
TEX,Industrials
TFC,Finance
TFC^I,
TFC^O,
TFC^R,
TFII,Industrials
TFPM,Industrials
TFSA,
TFX,Health Care
TG,Industrials
TGH,Consumer Discretionary
TGH^A,
TGH^B,
TGI,Industrials
TGLS,Consumer Discretionary
TGNA,Industrials
TGS,Utilities
TGT,Consumer Discretionary
THC,Health Care
THG,Finance
THO,Industrials
THQ,Finance
THR,Energy
THS,Consumer Staples
THW,Finance
TIMB,Telecommunications
TISI,Consumer Discretionary
TIXT,
TJX,Consumer Discretionary
TK,Consumer Discretionary
TKC,Telecommunications
TKO,
TKR,Industrials
TLK,Telecommunications
TLYS,Consumer Discretionary
TM,Consumer Discretionary
TME,Consumer Discretionary
TMHC,Consumer Discretionary
TMO,Industrials
TMST,Industrials
TNC,Industrials
TNET,Consumer Discretionary
TNK,Consumer Discretionary
TNL,Consumer Discretionary
TNP,Consumer Discretionary
TNP^E,
TNP^F,
TOL,Consumer Discretionary
TOST,Technology
TPB,Consumer Discretionary
TPC,Consumer Discretionary
TPH,Consumer Discretionary
TPL,Energy
TPR,Consumer Discretionary
TPTA,Real Estate
TPVG,Consumer Discretionary
TPX,Consumer Discretionary
TPZ,Finance
TR,Consumer Staples
TRC,Finance
TRCA,Finance
TREX,
TRGP,Utilities
TRI,
TRIS,Finance
TRN,Industrials
TRNO,Finance
TROX,Industrials
TRP,
TRTL,Finance
TRTN,Consumer Discretionary
TRTN^A,
TRTN^B,
TRTN^C,
TRTN^D,
TRTN^E,
TRTX,Real Estate
TRTX^C,
TRU,Finance
TRV,Finance
TS,Industrials
TSE,Industrials
TSI,Finance
TSLX,Finance
TSM,Technology
TSN,Consumer Staples
TSQ,Consumer Discretionary
TT,Industrials
TTC,Consumer Discretionary
TTE,Energy
TTI,Energy
TTP,Finance
TU,Telecommunications
TUP,Industrials
TUYA,Technology
TV,Industrials
TVC,Utilities
TVE,Utilities
TWI,Industrials
TWLO,Technology
TWN,Finance
TWO,Real Estate
TWO^A,
TWO^B,
TWO^C,
TWOA,Real Estate
TX,Industrials
TXO,Energy
TXT,Industrials
TY,Finance
TY^,
TYG,Finance
TYL,Technology
U,Technology
UA,Consumer Discretionary
UAA,Consumer Discretionary
UAN,Industrials
UBER,Consumer Discretionary
UBS,Finance
UDR,Real Estate
UE,Finance
UFI,Consumer Discretionary
UGI,Utilities
UGIC,Utilities
UGP,Utilities
UHAL,Consumer Discretionary
UHS,Health Care
UHT,Real Estate
UI,Technology
UIS,Technology
UL,Consumer Discretionary
UMC,Technology
UMH,Real Estate
UMH^D,
UNF,Consumer Discretionary
UNFI,Consumer Discretionary
UNH,Health Care
UNM,Finance
UNMA,Finance
UNP,Industrials
UP,Consumer Discretionary
UPS,Industrials
URI,
USA,Finance
USAC,Utilities
USB,Finance
USB^A,
USB^H,
USB^P,
USB^Q,
USB^R,
USB^S,
USDP,Industrials
USFD,Consumer Discretionary
USM,Telecommunications
USNA,Health Care
USPH,Health Care
UTF,Finance
UTI,Consumer Discretionary
UTL,Utilities
UTZ,Consumer Staples
UVE,Finance
UVV,Industrials
UWMC,Finance
UZD,Telecommunications
UZE,Telecommunications
UZF,Telecommunications
V,Consumer Discretionary
VAC,Consumer Discretionary
VAL,Energy
VALE,Basic Materials
VAPO,Health Care
VATE,Industrials
VBF,Finance
VCV,Finance
VCXB,Finance
VEEV,Technology
VEL,Finance
VET,Energy
VFC,Consumer Discretionary
VGI,Finance
VGM,Finance
VGR,Health Care
VHC,Miscellaneous
VHI,Industrials
VIAO,Technology
VICI,Real Estate
VIPS,Consumer Discretionary
VIST,Energy
VIV,Telecommunications
VKQ,Finance
VLD,Industrials
VLN,Technology
VLO,Energy
VLRS,Consumer Discretionary
VLT,Finance
VMC,Industrials
VMI,Industrials
VMO,Finance
VMW,Technology
VNCE,Consumer Discretionary
VNO,Real Estate
VNO^L,
VNO^M,
VNO^N,
VNO^O,
VNT,Industrials
VOC,Energy
VOYA,Finance
VOYA^B,
VPG,Technology
VPV,Finance
VRE,Real Estate
VRT,Technology
VRTV,Consumer Staples
VSCO,Consumer Discretionary
VSH,Technology
VST,Utilities
VSTO,Industrials
VTEX,Technology
VTLE,Energy
VTMX,
VTN,Finance
VTOL,Consumer Discretionary
VTR,Real Estate
VTS,Energy
VVI,Consumer Discretionary
VVR,Finance
VVV,Industrials
VVX,Consumer Discretionary
VZIO,Consumer Staples
W,Consumer Discretionary
WAB,Industrials
WAL,Finance
WAL^A,
WAT,Industrials
WBS,Finance
WBS^F,
WBS^G,
WBX,Consumer Discretionary
WCC,Consumer Discretionary
WCC^A,
WCN,Utilities
WD,Finance
WDH,Finance
WDI,Finance
WDS,Energy
WE,Real Estate
WEA,Finance
WEAV,Technology
WEC,Utilities
WEL,Finance
WELL,Real Estate
WES,Utilities
WEX,Consumer Discretionary
WF,Finance
WFC,Finance
WFC^A,
WFC^C,
WFC^D,
WFC^L,
WFC^R,
WFC^Y,
WFC^Z,
WFG,
WGO,Industrials
WH,Consumer Discretionary
WHD,Industrials
WHG,Finance
WHR,Consumer Discretionary
WIA,Finance
WIT,Technology
WIW,Finance
WK,Technology
WKC,Energy
WLK,Industrials
WLKP,Industrials
WLY,Consumer Discretionary
WLYB,Consumer Discretionary
WM,Utilities
WMB,Utilities
WMC,Real Estate
WMK,Consumer Staples
WMS,Consumer Discretionary
WMT,Consumer Discretionary
WNC,Industrials
WNNR,Finance
WNS,Consumer Discretionary
WOLF,Technology
WOR,Industrials
WOW,Telecommunications
WPC,Real Estate
WPM,Basic Materials
WPP,Consumer Discretionary
WRB,Finance
WRB^E,
WRB^F,
WRB^G,
WRB^H,
WRBY,Health Care
WRK,
WSM,Consumer Discretionary
WSO,Consumer Discretionary
WSO/B,
WSR,Real Estate
WST,Health Care
WT,Finance
WTI,Energy
WTM,Finance
WTRG,Utilities
WTS,Industrials
WTTR,Energy
WU,Consumer Discretionary
WWW,Consumer Discretionary
WY,Real Estate
X,Industrials
XFLT,Finance
XFLT^A,
XHR,Consumer Discretionary
XIN,Consumer Discretionary
XOM,Energy
XPER,Technology
XPEV,Consumer Discretionary
XPO,Consumer Discretionary
XPOF,Consumer Discretionary
XPRO,Energy
XYF,Finance
XYL,Industrials
YALA,Technology
YELP,Consumer Discretionary
YETI,Consumer Discretionary
YEXT,Technology
YMM,Technology
YOU,Technology
YPF,Energy
YRD,Finance
YSG,Consumer Discretionary
YUM,Consumer Discretionary
YUMC,Consumer Discretionary
ZBH,Health Care
ZEPP,Technology
ZETA,Technology
ZGN,Consumer Discretionary
ZH,Consumer Discretionary
ZIM,Consumer Discretionary
ZIP,Consumer Discretionary
ZTO,Industrials
ZTR,Finance
ZTS,Health Care
ZUO,Technology
ZVIA,Consumer Staples
ZWS,Industrials
